index,Rank,Twitter,Followers,Market Cap (ETH),MCap/Follower (ETH),Volume (ETH),Share Price (ETH),Share/Follower (ETH),Supply,Buys,Sells,Traders,Trades
0,1,0xRacerAlt,15285,705.6,0.046163,1141.41,3.14,0.000205,225,583,358.0,352,929
1,2,cobie,737870,470.6,0.000638,1631.75,2.4,3e-06,196,613,417.0,389,987
2,3,HsakaTrades,451606,346.58,0.000767,1135.24,1.96,4e-06,177,541,364.0,283,849
3,4,blknoiz06,121917,303.46,0.002489,612.25,1.79,1.5e-05,170,385,215.0,265,524
4,5,0xSisyphus,86004,301.68,0.003508,656.06,1.79,2.1e-05,169,465,296.0,313,741
5,6,Banks,2778053,256.0,9.2e-05,875.18,1.6,1e-06,160,410,250.0,225,590
6,7,iam4x,5151,248.08,0.048161,549.57,1.56,0.000303,159,479,320.0,349,785
7,8,zhusu,563539,241.87,0.000429,662.91,1.54,3e-06,157,465,308.0,284,725
8,9,xcurveth,13936,234.24,0.016809,303.68,1.5,0.000108,156,332,176.0,243,507
9,10,RookieXBT,383704,216.61,0.000565,473.67,1.43,4e-06,152,288,136.0,142,361
10,11,friendtechindex,980,165.44,0.168821,294.82,1.19,0.001215,139,318,179.0,230,492
11,12,Christianeth,25336,151.5,0.00598,90.31,1.12,4.4e-05,135,201,66.0,32,140
12,13,8892OS,4262,135.21,0.031724,56.96,1.04,0.000244,130,178,48.0,56,144
13,14,0xLawliette,10688,128.02,0.011978,184.55,1.01,9.4e-05,127,284,157.0,215,418
14,15,shrimppepe,3775,117.25,0.03106,195.79,0.95,0.00025,124,313,189.0,208,496
15,16,lBattleRhino,20883,92.6,0.004434,190.38,0.81,3.9e-05,114,234,120.0,162,304
17,18,CharlotteFang77,700828,83.94,0.00012,263.23,0.76,1e-06,111,299,188.0,150,384
18,19,Pentosh1,45799,76.57,0.001672,289.31,0.72,1.6e-05,107,273,166.0,150,360
19,19,Defi_Maestro,6449,76.57,0.011872,134.61,0.72,0.000111,107,222,115.0,149,295
20,21,saliencexbt,88994,74.44,0.000836,155.73,0.7,8e-06,106,259,153.0,159,397
21,22,graciehartie,108522,70.3,0.000648,167.52,0.68,6e-06,104,238,134.0,164,348
22,22,eth_ben,364268,70.3,0.000193,212.29,0.68,2e-06,104,314,210.0,131,476
23,24,bull_bnb,8721,65.03,0.007457,76.63,0.64,7.3e-05,102,190,88.0,86,231
24,25,0xCaptainLevi,216308,64.39,0.000298,97.62,0.64,3e-06,101,173,72.0,109,240
25,26,gainzy222,8307,62.5,0.007524,307.16,0.63,7.5e-05,100,409,309.0,268,678
26,27,degendevv,18211,60.64,0.00333,79.0,0.61,3.4e-05,99,200,101.0,165,301
27,28,timothyronald22,167117,59.42,0.000356,38.1,0.6,4e-06,99,146,47.0,91,171
28,29,KeyboardMonkey3,46796,57.63,0.001232,126.12,0.59,1.3e-05,98,248,150.0,163,361
29,30,NorthRockLP,209528,55.87,0.000267,174.77,0.58,3e-06,97,246,149.0,139,351
30,31,adamscochran,182986,53.59,0.000293,115.23,0.56,3e-06,95,245,150.0,137,370
31,32,TrustlessState,915129,50.81,5.6e-05,98.28,0.54,1e-06,94,232,138.0,151,324
32,33,MarioNawfal,138898,50.27,0.000362,165.23,0.54,4e-06,93,226,133.0,128,283
33,33,zeydcarey,7712,50.27,0.006519,71.71,0.54,7e-05,93,179,86.0,125,222
34,35,cryptojamie7,595811,45.56,7.6e-05,46.62,0.51,1e-06,90,138,48.0,90,182
35,35,CryptoKaleo,720696,45.56,6.3e-05,147.05,0.51,1e-06,90,277,187.0,213,459
36,37,cryptomanran,353394,44.56,0.000126,106.72,0.5,1e-06,90,202,112.0,108,259
38,38,garrytan,433581,43.08,9.9e-05,172.05,0.48,1e-06,89,222,133.0,107,272
39,40,Pancakesbrah,3166720,42.59,1.3e-05,86.97,0.48,0.0,88,224,136.0,172,360
40,41,zachxbt,251858,41.63,0.000165,174.52,0.47,2e-06,88,221,133.0,109,254
41,42,FaZe_Rain,290659,38.38,0.000132,231.39,0.45,2e-06,85,262,177.0,124,321
42,42,inversebrah,106547,38.38,0.00036,234.13,0.45,4e-06,85,238,153.0,132,311
43,42,CozomoMedici,257611,38.38,0.000149,151.8,0.45,2e-06,85,236,151.0,135,297
44,45,jebus911,128644,37.49,0.000291,69.42,0.44,3e-06,85,225,140.0,170,365
45,46,Melt_Dem,225048,36.17,0.000161,46.12,0.43,2e-06,84,174,90.0,101,219
46,46,icebergy_,238166,36.17,0.000152,149.75,0.43,2e-06,84,307,223.0,233,525
47,48,ColdBloodShill,375563,35.74,9.5e-05,142.19,0.43,1e-06,83,212,129.0,131,290
48,49,marenaltman,136709,34.46,0.000252,87.18,0.42,3e-06,82,278,196.0,189,409
49,49,Tradermayne,99019,34.46,0.000348,141.19,0.42,4e-06,82,232,150.0,129,306
50,49,0xfoobar,56886,34.46,0.000606,151.31,0.42,7e-06,82,306,224.0,211,502
51,49,Cryptoyieldinfo,503223,34.46,6.8e-05,55.48,0.42,1e-06,82,178,96.0,111,224
52,53,basedkarbon,210944,33.22,0.000157,74.03,0.41,2e-06,81,209,128.0,165,320
53,53,CryptoDonAlt,294636,33.22,0.000113,126.43,0.41,1e-06,81,285,204.0,193,459
54,53,frankdegods,72537,33.22,0.000458,171.33,0.41,6e-06,81,221,140.0,118,281
55,56,loomdart,436024,32.0,7.3e-05,153.18,0.4,1e-06,80,298,218.0,181,435
56,56,hoss_crypto,2942319,32.0,1.1e-05,27.41,0.4,0.0,80,144,64.0,79,163
57,56,pranksy,14026,32.0,0.002281,138.89,0.4,2.9e-05,80,235,155.0,131,303
58,59,Nadeshot,1985,31.21,0.01572,325.67,0.39,0.000197,80,273,193.0,170,402
59,59,Pool2Paulie,153108,31.21,0.000204,71.77,0.39,3e-06,80,189,109.0,154,296
60,61,Youcoinorg,5635,30.81,0.005468,12.32,0.39,6.9e-05,79,89,10.0,7,17
62,63,dingalingts,310719,29.66,9.5e-05,169.66,0.38,1e-06,78,333,255.0,213,574
63,64,BasedShillBH,244393,28.53,0.000117,54.52,0.37,2e-06,77,162,85.0,126,247
64,64,disclosure,242172,28.53,0.000118,107.41,0.37,2e-06,77,213,136.0,129,294
65,66,tier10k,28309,27.8,0.000982,136.04,0.36,1.3e-05,77,213,136.0,91,261
66,66,nikitabier,7430,27.8,0.003741,122.68,0.36,4.9e-05,77,210,133.0,135,304
67,66,sassal0x,22218,27.8,0.001251,44.35,0.36,1.6e-05,77,210,133.0,161,330
68,66,QuantMeta,250971,27.8,0.000111,25.04,0.36,1e-06,77,115,38.0,85,153
69,70,izebel_eth,10581,27.44,0.002593,154.5,0.36,3.4e-05,76,273,197.0,153,460
70,70,Teeznutz11,1400,27.44,0.019597,34.98,0.36,0.000258,76,131,55.0,116,184
71,70,GraysonJAllen,84336,27.44,0.000325,149.89,0.36,4e-06,76,245,169.0,167,358
72,73,SolvingFrank,65206,26.72,0.00041,40.83,0.35,5e-06,76,173,97.0,111,239
73,73,therealdinoshi,68188,26.72,0.000392,14.92,0.35,5e-06,76,117,41.0,38,154
74,75,CryptoKaduna,257563,26.37,0.000102,49.42,0.35,1e-06,75,160,85.0,104,218
75,75,Crypto_McKenna,19896,26.37,0.001325,49.99,0.35,1.8e-05,75,196,121.0,109,290
76,75,SmallCapScience,75908,26.37,0.000347,52.08,0.35,5e-06,75,152,77.0,107,229
77,78,3LAU,283482,25.67,9.1e-05,45.61,0.34,1e-06,75,173,98.0,96,226
78,79,BigDickBull69,27845,25.33,0.00091,171.93,0.34,1.2e-05,74,283,209.0,209,466
79,79,AviFelman,9801,25.33,0.002584,45.58,0.34,3.5e-05,74,200,126.0,135,292
80,79,LomahCrypto,1403356,25.33,1.8e-05,145.37,0.34,0.0,74,223,149.0,121,287
81,79,thiccythot_,14388,25.33,0.00176,32.88,0.34,2.4e-05,74,163,89.0,83,186
82,83,DextMoon,137,24.65,0.179902,55.86,0.33,0.002431,74,188,114.0,144,302
83,84,AltcoinDailyio,28748,24.31,0.000846,61.89,0.33,1.2e-05,73,168,95.0,88,230
84,84,Evan_ss6,395786,24.31,6.1e-05,52.45,0.33,1e-06,73,197,124.0,140,288
85,84,XSRoracle,119706,24.31,0.000203,17.65,0.33,3e-06,73,98,25.0,37,119
86,84,ChicoCrypto,39402,24.31,0.000617,40.95,0.33,8e-06,73,147,74.0,69,178
87,84,sincerelyjuju,282425,24.31,8.6e-05,49.75,0.33,1e-06,73,179,106.0,113,242
88,89,matthuang,585535,23.65,4e-05,58.86,0.32,1e-06,73,158,85.0,70,159
89,90,screentimes,71964,23.33,0.000324,66.04,0.32,5e-06,72,218,146.0,159,340
90,90,AngeloBTC,306776,23.33,7.6e-05,49.7,0.32,1e-06,72,158,86.0,73,182
91,90,saorikiyomi,30319,23.33,0.000769,39.3,0.32,1.1e-05,72,189,117.0,125,290
92,93,Awawat_Trades,5184,22.68,0.004376,59.01,0.32,6.1e-05,72,191,119.0,123,253
93,93,eliz883,18253,22.68,0.001243,66.96,0.32,1.7e-05,72,192,120.0,105,249
94,95,jessepollak,6774,22.37,0.003302,61.3,0.32,4.7e-05,71,205,134.0,127,280
95,95,glebble,245880,22.37,9.1e-05,23.65,0.32,1e-06,71,154,83.0,118,233
96,97,owen1v9,353728,20.83,5.9e-05,64.69,0.3,1e-06,70,155,85.0,105,222
98,98,chiefingza,16870,20.53,0.001217,55.06,0.3,1.8e-05,69,190,121.0,119,291
99,98,pussyrrriot,13089,20.53,0.001569,62.35,0.3,2.3e-05,69,231,162.0,137,366
100,101,milesdeutscher,30414,19.65,0.000646,81.3,0.29,1e-05,68,207,139.0,123,286
102,101,pedrigavifrenki,167259,19.65,0.000117,40.48,0.29,2e-06,68,177,109.0,99,276
103,104,yugoviking,592,19.08,0.032227,35.92,0.28,0.000474,68,138,70.0,61,132
104,105,0xari420,19183,18.8,0.00098,52.19,0.28,1.5e-05,67,175,108.0,127,273
105,106,_charlienoyes,21390,18.24,0.000853,36.74,0.27,1.3e-05,67,131,64.0,83,182
107,108,SCHIZO_FREQ,428169,17.97,4.2e-05,84.96,0.27,1e-06,66,230,164.0,143,367
108,108,alexislustt,156725,17.97,0.000115,38.54,0.27,2e-06,66,182,116.0,113,260
109,110,lilsmores_,18088,17.16,0.000949,17.61,0.26,1.5e-05,65,123,58.0,73,179
110,110,alenaxbt,565738,17.16,3e-05,60.76,0.26,0.0,65,159,94.0,101,216
111,110,yourfriendSOMMI,189137,17.16,9.1e-05,14.83,0.26,1e-06,65,115,50.0,71,147
112,110,coinmamba,23225,17.16,0.000739,66.87,0.26,1.1e-05,65,248,183.0,151,400
113,110,mrJackLevin,132379,17.16,0.00013,49.27,0.26,2e-06,65,163,98.0,105,223
114,110,Cooopahtroopa,1183,17.16,0.014509,22.52,0.26,0.000223,65,147,82.0,96,214
115,116,ZoomerOracle,8055,16.64,0.002066,69.03,0.26,3.2e-05,65,188,123.0,133,304
116,116,CryptoCred,121038,16.64,0.000137,129.7,0.26,2e-06,65,205,140.0,134,288
117,118,AlgodTrading,248904,16.38,6.6e-05,82.12,0.26,1e-06,64,194,130.0,87,231
118,118,drboblax,60383,16.38,0.000271,57.14,0.26,4e-06,64,156,92.0,69,185
119,118,jerallaire,14660,16.38,0.001118,38.06,0.26,1.7e-05,64,180,116.0,100,221
120,118,holycryptoroni,220341,16.38,7.4e-05,7.35,0.26,1e-06,64,72,8.0,10,76
121,118,lilclearpill,10032,16.38,0.001633,25.05,0.26,2.6e-05,64,146,82.0,81,207
122,123,cousincrypt0,9,15.88,1.764,59.54,0.25,0.027563,64,143,79.0,58,137
124,124,DeeZe,132365,15.63,0.000118,70.35,0.25,2e-06,63,223,160.0,163,368
126,127,thevickiejay,59093,14.9,0.000252,28.99,0.24,4e-06,62,151,89.0,106,214
127,127,doomsdart,11812,14.9,0.001261,43.66,0.24,2e-05,62,188,126.0,133,314
128,127,MoonOverlord,35972,14.9,0.000414,51.88,0.24,7e-06,62,208,146.0,141,344
129,127,DynamoxEth,195883,14.9,7.6e-05,25.44,0.24,1e-06,62,120,58.0,77,174
130,127,NFTHero2,177512,14.9,8.4e-05,25.41,0.24,1e-06,62,127,65.0,78,192
131,132,RodionBezukhov,3837,14.42,0.003758,18.4,0.23,6.1e-05,62,117,55.0,69,172
132,132,EricCryptoman,11515,14.42,0.001252,60.14,0.23,2e-05,62,151,89.0,86,173
133,134,fejau_inc,2096,13.73,0.006548,23.03,0.23,0.000107,61,142,81.0,109,218
134,134,ZKasino_io,96708,13.73,0.000142,43.22,0.23,2e-06,61,151,90.0,77,239
135,134,toptickcrypto,21150,13.73,0.000649,23.98,0.23,1.1e-05,61,120,59.0,84,179
136,134,naniXBT,12659,13.73,0.001084,48.75,0.23,1.8e-05,61,206,145.0,169,341
137,138,Irenezhao_,227188,13.5,5.9e-05,60.39,0.23,1e-06,60,199,139.0,133,317
138,138,udiWertheimer,196787,13.5,6.9e-05,54.2,0.23,1e-06,60,236,176.0,156,378
139,138,NoMoreLiquidity,2155153,13.5,6e-06,34.36,0.23,0.0,60,170,110.0,127,280
140,138,bryptokenneth3,136968,13.5,9.9e-05,48.56,0.23,2e-06,60,177,117.0,140,294
141,138,0xElyy,45070,13.5,0.0003,12.52,0.23,5e-06,60,102,42.0,56,138
142,143,cryptoWZRD_,52,13.05,0.251034,6.91,0.22,0.004184,60,93,33.0,60,107
143,143,ethersole,301393,13.05,4.3e-05,24.19,0.22,1e-06,60,130,70.0,59,179
144,145,bendoverxbt,34030,12.84,0.000377,33.04,0.22,6e-06,59,114,55.0,65,126
145,145,ledgerstatus,63557,12.84,0.000202,82.78,0.22,3e-06,59,244,185.0,157,410
146,145,CryptoFinally,7819,12.84,0.001642,28.49,0.22,2.8e-05,59,171,112.0,114,245
147,145,BillyM2k,33967,12.84,0.000378,53.38,0.22,6e-06,59,184,125.0,94,281
148,145,notthreadguy,13145,12.84,0.000977,35.04,0.22,1.7e-05,59,138,79.0,93,193
150,151,CoinGurruu,225652,12.19,5.4e-05,37.07,0.21,1e-06,58,140,82.0,98,205
151,151,friendtechetf,74798,12.19,0.000163,10.41,0.21,3e-06,58,83,25.0,35,100
152,151,MuroCrypto,128278,12.19,9.5e-05,43.47,0.21,2e-06,58,148,90.0,86,188
153,151,passytee,244,12.19,0.049977,17.26,0.21,0.000862,58,126,68.0,73,170
154,151,LucaNetz,84605,12.19,0.000144,69.73,0.21,2e-06,58,241,183.0,167,387
155,151,0xBreadguy,1653689,12.19,7e-06,16.5,0.21,0.0,58,100,42.0,73,142
156,151,RaccoonHKG,23183,12.19,0.000526,16.86,0.21,9e-06,58,126,68.0,50,194
157,151,cryptoalle,2013,12.19,0.006058,28.44,0.21,0.000104,58,130,72.0,71,188
158,159,WSBChairman,21003,11.78,0.000561,93.32,0.2,1e-05,58,210,152.0,100,310
159,159,Bluntz_Capital,26043,11.78,0.000452,63.92,0.2,8e-06,58,169,111.0,90,224
160,159,cubantobacco,2739,11.78,0.0043,17.7,0.2,7.4e-05,58,118,60.0,63,149
161,162,satsdart,689806,11.57,1.7e-05,53.68,0.2,0.0,57,247,190.0,189,421
162,162,FriendTechAlpha,51217,11.57,0.000226,17.4,0.2,4e-06,57,127,70.0,80,192
164,165,andy8052,114999,11.17,9.7e-05,20.17,0.2,2e-06,57,161,104.0,114,251
165,165,kevinrose,61707,11.17,0.000181,50.7,0.2,3e-06,57,193,136.0,119,288
166,165,dotta,11412,11.17,0.000979,10.43,0.2,1.7e-05,57,109,52.0,76,148
167,165,StarryNightDAO,22029,11.17,0.000507,38.28,0.2,9e-06,57,135,78.0,86,208
168,169,smileycapital,348139,10.98,3.2e-05,29.53,0.2,1e-06,56,145,89.0,83,229
169,169,pimpcapital,102181,10.98,0.000107,42.07,0.2,2e-06,56,148,92.0,73,201
170,169,mbaril010,25082,10.98,0.000438,22.29,0.2,8e-06,56,112,56.0,62,162
171,172,elliotrades,122803,10.59,8.6e-05,71.03,0.19,2e-06,56,196,140.0,106,272
172,172,tarunchitra,10022,10.59,0.001056,10.39,0.19,1.9e-05,56,104,48.0,71,128
173,172,ercwl,152579,10.59,6.9e-05,21.47,0.19,1e-06,56,139,83.0,83,179
174,175,MacroCRG,181805,10.4,5.7e-05,40.18,0.19,1e-06,55,119,64.0,75,152
175,175,tradinglord,9963,10.4,0.001044,27.0,0.19,1.9e-05,55,157,102.0,103,259
176,175,d0unbug,371667,10.4,2.8e-05,36.27,0.19,1e-06,55,172,117.0,108,289
177,175,KaminoCrypto,174736,10.4,6e-05,31.48,0.19,1e-06,55,123,68.0,73,147
178,175,DaanCrypto,1470,10.4,0.007074,20.85,0.19,0.000129,55,128,73.0,72,170
179,175,Sicarious_,161825,10.4,6.4e-05,15.11,0.19,1e-06,55,125,70.0,71,173
180,181,jconorgrogan,8588,10.02,0.001167,12.21,0.18,2.1e-05,55,114,59.0,69,155
181,181,BTCdayu,425490,10.02,2.4e-05,18.8,0.18,0.0,55,106,51.0,54,133
182,181,will__price,7672,10.02,0.001307,14.77,0.18,2.4e-05,55,93,38.0,55,131
184,181,econoar,76243,10.02,0.000131,42.25,0.18,2e-06,55,146,91.0,88,172
185,181,hailey_grice,13673,10.02,0.000733,25.28,0.18,1.3e-05,55,114,59.0,61,144
186,187,tomkysar,126472,9.84,7.8e-05,6.12,0.18,1e-06,54,91,37.0,44,125
187,187,Zeneca,2268,9.84,0.004339,35.36,0.18,8e-05,54,199,145.0,128,284
188,187,osf_rekt,32217,9.84,0.000305,31.13,0.18,6e-06,54,155,101.0,97,228
189,187,0xsubmerged,15338,9.84,0.000642,50.44,0.18,1.2e-05,54,225,171.0,174,386
190,187,ByzGeneral,2930,9.84,0.003359,27.15,0.18,6.2e-05,54,174,120.0,111,239
191,187,d_gilz,181384,9.84,5.4e-05,29.02,0.18,1e-06,54,137,83.0,117,220
192,193,MacnBTC,108971,9.48,8.7e-05,50.78,0.18,2e-06,54,153,99.0,57,148
193,193,GwartyGwart,16187,9.48,0.000586,25.0,0.18,1.1e-05,54,157,103.0,116,244
194,193,friendtech_bot,127718,9.48,7.4e-05,16.57,0.18,1e-06,54,103,49.0,61,129
195,193,TiffanyFong_,5414,9.48,0.001751,16.07,0.18,3.2e-05,54,132,78.0,73,194
196,193,sandraaleow,117690,9.48,8.1e-05,10.53,0.18,1e-06,54,102,48.0,46,102
197,193,aubreystrobel,5863,9.48,0.001617,19.67,0.18,3e-05,54,121,67.0,68,144
198,199,ScizRtrading,60346,9.3,0.000154,11.76,0.18,3e-06,53,91,38.0,73,114
199,199,cole0x,450,9.3,0.020677,30.13,0.18,0.00039,53,152,99.0,77,217
200,199,zerobeta,149342,9.3,6.2e-05,18.04,0.18,1e-06,53,123,70.0,104,193
201,199,KANECOIN_ETH,150046,9.3,6.2e-05,6.24,0.18,1e-06,53,66,13.0,44,79
202,199,Cryptopathic,228160,9.3,4.1e-05,66.79,0.18,1e-06,53,219,166.0,137,345
203,199,notEezzy,103149,9.3,9e-05,35.26,0.18,2e-06,53,207,154.0,159,361
204,199,Brentsketit,14827,9.3,0.000628,29.27,0.18,1.2e-05,53,164,111.0,123,275
206,199,Cutiepii33Quinn,136958,9.3,6.8e-05,29.83,0.18,1e-06,53,173,120.0,98,259
207,199,sungjae_han,41150,9.3,0.000226,13.43,0.18,4e-06,53,116,63.0,88,179
208,199,kaiynne,37366,9.3,0.000249,31.0,0.18,5e-06,53,175,122.0,116,271
209,199,UniswapVillain,350,9.3,0.026585,33.67,0.18,0.000502,53,138,85.0,52,151
210,211,0xCygaar,33496,8.96,0.000267,17.51,0.17,5e-06,53,150,97.0,128,244
211,211,ManifestorDAO,2701,8.96,0.003316,6.96,0.17,6.3e-05,53,68,15.0,31,83
212,211,NFT_GOD,1372,8.96,0.006528,31.21,0.17,0.000123,53,142,89.0,65,207
213,211,Arthur_0x,38846,8.96,0.000231,41.48,0.17,4e-06,53,148,95.0,81,177
214,215,RyanSAdams,1523,8.79,0.00577,31.8,0.17,0.000111,52,182,130.0,122,263
215,215,BitCloutCat,903,8.79,0.009732,64.99,0.17,0.000187,52,231,179.0,151,409
216,217,jtradestar,6796,8.45,0.001244,21.37,0.16,2.4e-05,52,110,58.0,74,158
217,217,mooncat2878,92906,8.45,9.1e-05,21.25,0.16,2e-06,52,143,91.0,100,197
218,217,mdudas,99008,8.45,8.5e-05,15.55,0.16,2e-06,52,151,99.0,107,243
219,217,superphiz,6643,8.45,0.001273,7.66,0.16,2.4e-05,52,88,36.0,62,111
220,221,Cheguevoblin,70230,8.29,0.000118,87.12,0.16,2e-06,51,165,114.0,96,242
221,221,swm,115211,8.29,7.2e-05,3.01,0.16,1e-06,51,53,2.0,3,55
222,221,poordart,115968,8.29,7.1e-05,24.29,0.16,1e-06,51,154,103.0,120,234
223,221,0xleonidas__,12218,8.29,0.000679,6.47,0.16,1.3e-05,51,88,37.0,54,121
224,221,0xWives,368650,8.29,2.2e-05,7.12,0.16,0.0,51,72,21.0,51,87
226,221,KookCapitalLLC,17508,8.29,0.000474,15.1,0.16,9e-06,51,152,101.0,107,240
227,221,chumbawamba22,206282,8.29,4e-05,16.68,0.16,1e-06,51,97,46.0,58,143
228,221,BussyFiller69,42658,8.29,0.000194,8.68,0.16,4e-06,51,78,27.0,55,105
229,221,mugentrader,53725,8.29,0.000154,6.59,0.16,3e-06,51,82,31.0,44,101
230,231,scupytrooples,60056,7.97,0.000133,9.65,0.16,3e-06,51,105,54.0,65,124
231,231,mayakendrickxo,10122,7.97,0.000787,22.0,0.16,1.5e-05,51,155,104.0,103,258
233,231,0xdasha,301160,7.97,2.6e-05,30.43,0.16,1e-06,51,188,137.0,143,319
235,231,alpha_pls,4906,7.97,0.001624,6.96,0.16,3.2e-05,51,115,64.0,81,170
236,231,rektmando,18333,7.97,0.000435,30.9,0.16,9e-06,51,139,88.0,99,193
237,238,TraderKoz,30605,7.81,0.000255,24.12,0.16,5e-06,50,117,67.0,69,145
238,238,yugacohler,42986,7.81,0.000182,20.33,0.16,4e-06,50,130,80.0,95,209
239,238,WhaleChart,5561,7.81,0.001405,19.33,0.16,2.8e-05,50,161,111.0,73,207
240,238,TaikiMaeda2,36033,7.81,0.000217,19.37,0.16,4e-06,50,138,88.0,100,226
241,238,diamondhandjs,40723,7.81,0.000192,13.82,0.16,4e-06,50,102,52.0,58,135
242,238,Loopifyyy,7851,7.81,0.000995,63.27,0.16,2e-05,50,190,140.0,90,223
243,238,crypto_linn,28156,7.81,0.000277,33.2,0.16,6e-06,50,133,83.0,91,184
244,238,bertcmiller,12634,7.81,0.000618,13.17,0.16,1.2e-05,50,111,61.0,74,144
245,246,98sThoughts,179744,7.5,4.2e-05,7.62,0.15,1e-06,49,87,38.0,34,85
247,247,unbanksyETH,13695,7.5,0.000548,11.11,0.15,1.1e-05,50,102,52.0,74,134
248,247,StaniKulechov,271448,7.5,2.8e-05,31.99,0.15,1e-06,50,181,131.0,113,254
249,247,gmoneyNFT,176807,7.5,4.2e-05,68.94,0.15,1e-06,50,178,128.0,100,225
250,247,art_xbt,3065,7.5,0.002448,20.41,0.15,4.9e-05,50,109,59.0,46,116
251,252,0x_Prototype,186410,7.35,3.9e-05,20.22,0.15,1e-06,49,131,82.0,100,212
252,252,ReetikaTrades,1080,7.35,0.006808,12.99,0.15,0.000139,49,138,89.0,89,206
253,252,resdegen,31307,7.35,0.000235,21.76,0.15,5e-06,49,94,45.0,52,124
254,252,0xUnihax0r,411,7.35,0.017891,26.7,0.15,0.000365,49,112,63.0,42,117
255,252,Kryptk33p3r666,51286,7.35,0.000143,11.92,0.15,3e-06,49,96,47.0,59,134
256,252,samkazemian,11283,7.35,0.000652,22.17,0.15,1.3e-05,49,105,56.0,60,128
257,252,CC2Ventures,14092,7.35,0.000522,16.31,0.15,1.1e-05,49,111,62.0,83,170
258,252,maybectrlfreak,53287,7.35,0.000138,18.91,0.15,3e-06,49,131,82.0,88,212
259,260,PopcornKirby,333154,7.06,2.1e-05,28.91,0.14,0.0,49,138,89.0,88,193
260,260,TheHunterCR,0,7.06,0.0,3.89,0.14,0.0,49,67,18.0,29,75
262,263,packyM,2764,6.91,0.002501,13.92,0.14,5.2e-05,48,130,82.0,94,196
263,263,jonitzler,63094,6.91,0.00011,18.1,0.14,2e-06,48,121,73.0,77,194
264,263,dennis_qian,40489,6.91,0.000171,17.81,0.14,4e-06,48,102,54.0,67,141
265,263,Route2FI,347592,6.91,2e-05,17.34,0.14,0.0,48,159,111.0,115,270
266,263,beaniemaxi,24933,6.91,0.000277,66.3,0.14,6e-06,48,184,136.0,116,284
267,263,thesminemverse,30973,6.91,0.000223,11.94,0.14,5e-06,48,88,40.0,25,112
268,263,notsofast,174757,6.91,4e-05,15.51,0.14,1e-06,48,135,87.0,100,222
269,263,metatron_0x,25069,6.91,0.000276,6.74,0.14,6e-06,48,96,48.0,64,143
270,271,pet3rpan_,53777,6.63,0.000123,5.21,0.14,3e-06,48,74,26.0,62,100
271,271,ThisMalaka,80947,6.63,8.2e-05,3.23,0.14,2e-06,48,60,12.0,42,67
272,271,LouisCooper_,198528,6.63,3.3e-05,15.86,0.14,1e-06,48,121,73.0,76,167
273,271,jon_charb,126631,6.63,5.2e-05,7.58,0.14,1e-06,48,82,34.0,62,100
274,271,derekedws,78827,6.63,8.4e-05,7.87,0.14,2e-06,48,89,41.0,63,126
275,271,CryptoTickers,4244,6.63,0.001561,22.88,0.14,3.3e-05,48,110,62.0,73,148
276,271,CryptoTony__,120827,6.63,5.5e-05,21.01,0.14,1e-06,48,132,84.0,80,176
277,271,crypt0detweiler,10774,6.63,0.000615,6.43,0.14,1.3e-05,48,97,49.0,69,146
278,271,therobotjames,14353,6.63,0.000462,19.01,0.14,1e-05,48,118,70.0,73,157
279,280,MissionGains,66181,6.49,9.8e-05,6.11,0.14,2e-06,47,91,44.0,53,135
280,280,Anonymoux2311,5485,6.49,0.001183,17.91,0.14,2.5e-05,47,109,62.0,72,153
281,280,anggaandinata,4469,6.49,0.001452,3.91,0.14,3.1e-05,47,80,33.0,45,90
282,280,farokh,62488,6.49,0.000104,55.09,0.14,2e-06,47,248,201.0,165,419
283,280,moon_guurl,84683,6.49,7.7e-05,32.32,0.14,2e-06,47,196,149.0,136,345
284,280,bitcoinPalmer,7308,6.49,0.000888,12.59,0.14,1.9e-05,47,115,68.0,79,168
285,280,coinfessions,3659,6.49,0.001773,35.26,0.14,3.8e-05,47,214,167.0,145,360
286,287,tamtaytion,46173,6.22,0.000135,12.58,0.13,3e-06,47,120,73.0,86,188
287,287,KashKysh,56382,6.22,0.00011,11.14,0.13,2e-06,47,111,64.0,76,153
288,287,lemiscate,5140,6.22,0.001209,10.5,0.13,2.6e-05,47,103,56.0,61,123
289,287,inmortalcrypto,1636,6.22,0.003799,27.98,0.13,8.1e-05,47,137,90.0,78,172
290,287,koreanjewcrypto,137130,6.22,4.5e-05,66.9,0.13,1e-06,47,171,124.0,73,211
291,287,HerroCrypto,16174,6.22,0.000384,8.87,0.13,8e-06,47,96,49.0,55,110
292,287,nick_emmons,179598,6.22,3.5e-05,3.4,0.13,1e-06,47,64,17.0,32,77
293,287,MariusCrypt0,19532,6.22,0.000318,22.53,0.13,7e-06,47,118,71.0,52,139
294,287,pleyuh,48272,6.22,0.000129,10.79,0.13,3e-06,47,109,62.0,56,149
295,287,lootbot_xyz,1733,6.22,0.003587,10.63,0.13,7.6e-05,47,99,52.0,61,133
296,297,PaikCapital,6744,6.08,0.000902,15.1,0.13,2e-05,46,134,88.0,98,222
297,297,ReoNuevo,114579,6.08,5.3e-05,6.43,0.13,1e-06,46,82,36.0,39,112
298,297,sumfattytuna,100648,6.08,6e-05,8.52,0.13,1e-06,46,90,44.0,70,134
299,297,ThorHartvigsen,0,6.08,0.0,6.89,0.13,0.0,46,85,39.0,54,112
300,297,SizeChad,9349,6.08,0.000651,51.91,0.13,1.4e-05,46,279,233.0,183,497
301,297,docXBT,18021,6.08,0.000338,5.9,0.13,7e-06,46,73,27.0,55,97
302,297,ameliabunny00,67813,6.08,9e-05,7.18,0.13,2e-06,46,85,39.0,49,112
304,297,knowerofmarkets,6503,6.08,0.000935,13.78,0.13,2e-05,46,137,91.0,90,203
305,297,THORmaximalist,31107,6.08,0.000196,8.72,0.13,4e-06,46,85,39.0,44,97
306,297,wronguser000,31745,6.08,0.000192,9.98,0.13,4e-06,46,106,60.0,74,166
307,297,billyoptionsii,61554,6.08,9.9e-05,11.84,0.13,2e-06,46,99,53.0,64,147
308,297,jimtalbot,6261,6.08,0.000972,34.04,0.13,2.1e-05,46,131,85.0,75,155
311,311,CJCJCJCJ_,197659,5.82,2.9e-05,9.46,0.13,1e-06,46,94,48.0,65,142
312,311,SalsaTekila,48484,5.82,0.00012,22.01,0.13,3e-06,46,153,107.0,97,204
313,311,321bigcat,29154,5.82,0.0002,4.75,0.13,4e-06,46,76,30.0,49,105
314,311,TrVon,98331,5.82,5.9e-05,12.17,0.13,1e-06,46,115,69.0,65,150
315,311,chinesefiat,175290,5.82,3.3e-05,10.57,0.13,1e-06,46,91,45.0,58,132
316,311,Ace_da_Book,28560,5.82,0.000204,3.88,0.13,4e-06,46,68,22.0,54,90
317,311,krybharat,82412,5.82,7.1e-05,13.52,0.13,2e-06,46,132,86.0,79,180
318,311,JasonYanowitz,2922,5.82,0.001992,19.93,0.13,4.3e-05,46,118,72.0,69,157
319,320,buyerofblood,6362,5.7,0.000895,27.68,0.13,2e-05,45,168,123.0,131,287
320,320,stoicsavage,142617,5.7,4e-05,29.99,0.13,1e-06,45,164,119.0,92,281
321,320,veH0rny,82809,5.7,6.9e-05,24.77,0.13,2e-06,45,166,121.0,101,253
322,320,intern,19062,5.7,0.000299,15.77,0.13,7e-06,45,149,104.0,103,216
323,320,NewsyJohnson,543028,5.7,1e-05,11.29,0.13,0.0,45,81,36.0,49,113
324,320,caitlinxyz,6583,5.7,0.000865,29.31,0.13,1.9e-05,45,134,89.0,68,165
325,320,cryptomagic2040,54336,5.7,0.000105,3.35,0.13,2e-06,45,65,20.0,40,75
326,327,TheNFTAsian,15231,5.45,0.000357,3.81,0.12,8e-06,45,66,21.0,38,87
327,328,defi_mochi,8300,5.32,0.000641,19.17,0.12,1.5e-05,44,106,62.0,60,123
328,328,tervoooo,8043,5.32,0.000662,11.14,0.12,1.5e-05,44,108,64.0,74,172
329,328,s4msies,61671,5.32,8.6e-05,3.55,0.12,2e-06,44,73,29.0,39,81
331,328,spreekaway,45941,5.32,0.000116,12.94,0.12,3e-06,44,109,65.0,83,174
332,328,msbreewc,5500,5.32,0.000968,18.5,0.12,2.2e-05,44,105,61.0,59,128
333,328,SplitCapital,64491,5.32,8.3e-05,20.45,0.12,2e-06,44,114,70.0,72,141
334,328,hyuktrades,59926,5.32,8.9e-05,18.71,0.12,2e-06,44,92,48.0,47,114
335,328,owocki,429785,5.32,1.2e-05,5.81,0.12,0.0,44,103,59.0,69,126
336,337,fintechfrank,45340,5.08,0.000112,27.7,0.12,3e-06,44,185,141.0,140,322
337,337,functi0nZer0,22031,5.08,0.000231,21.25,0.12,5e-06,44,158,114.0,118,254
338,337,HGEABC,516,5.08,0.009854,27.92,0.12,0.000224,44,182,138.0,88,301
339,337,0revenue,92182,5.08,5.5e-05,8.84,0.12,1e-06,44,86,42.0,51,110
341,337,V2Chenz,23644,5.08,0.000215,9.1,0.12,5e-06,44,87,43.0,55,118
342,337,3orovik,14631,5.08,0.000348,39.84,0.12,8e-06,44,179,135.0,94,246
343,337,btc_charlie,7736,5.08,0.000657,10.96,0.12,1.5e-05,44,119,75.0,88,193
344,337,traderpow,11961,5.08,0.000425,25.51,0.12,1e-05,44,179,135.0,130,314
345,346,IHayato,181522,4.97,2.7e-05,20.76,0.12,1e-06,43,146,103.0,85,203
346,346,ZoomerAnon,22857,4.97,0.000217,8.98,0.12,5e-06,43,87,44.0,61,119
347,346,Dynamo_Patrick,4570,4.97,0.001087,6.21,0.12,2.5e-05,43,83,40.0,66,122
348,346,pwnlord69,139460,4.97,3.6e-05,36.84,0.12,1e-06,43,148,105.0,98,231
349,346,_tolks,9477,4.97,0.000524,8.69,0.12,1.2e-05,43,103,60.0,72,163
350,346,boldleonidas,110364,4.97,4.5e-05,16.41,0.12,1e-06,43,135,92.0,81,227
351,346,crypto_condom,57249,4.97,8.7e-05,9.34,0.12,2e-06,43,96,53.0,65,140
352,346,0xMakesy,260357,4.97,1.9e-05,7.28,0.12,0.0,43,70,27.0,56,97
353,346,gabrielhaines,191373,4.97,2.6e-05,22.89,0.12,1e-06,43,149,106.0,114,255
354,346,keoneHD,21373,4.97,0.000232,9.3,0.12,5e-06,43,83,40.0,49,123
355,346,wizardofsoho,257679,4.97,1.9e-05,32.06,0.12,0.0,43,191,148.0,121,316
356,346,blocmatesdotcom,19280,4.97,0.000258,7.14,0.12,6e-06,43,86,43.0,70,127
358,346,Fwiz,140229,4.97,3.5e-05,29.11,0.12,1e-06,43,157,114.0,96,231
360,361,redphonecrypto,1996,4.74,0.002375,14.36,0.11,5.5e-05,43,126,83.0,91,202
363,361,intocryptoast,10915,4.74,0.000434,3.89,0.11,1e-05,43,87,44.0,63,131
364,365,TheRealOne_eth,58904,4.63,7.9e-05,2.01,0.11,2e-06,42,60,18.0,13,51
365,365,wabdoteth,13652,4.63,0.000339,21.3,0.11,8e-06,42,178,136.0,121,313
366,365,VirtualBacon0x,171019,4.63,2.7e-05,10.53,0.11,1e-06,42,84,42.0,22,114
367,365,PuggyTrades,3171,4.63,0.00146,9.68,0.11,3.5e-05,42,113,71.0,69,184
368,365,rootslashbin,15957,4.63,0.00029,11.36,0.11,7e-06,42,80,38.0,49,111
369,365,SillyPunts,161006,4.63,2.9e-05,3.41,0.11,1e-06,42,67,25.0,49,88
370,365,AvaxGems,153122,4.63,3e-05,3.44,0.11,1e-06,42,69,27.0,55,96
371,365,TheFlowHorse,41115,4.63,0.000113,43.41,0.11,3e-06,42,138,96.0,91,208
372,365,anildelphi,548,4.63,0.00845,8.06,0.11,0.000201,42,96,54.0,59,132
373,365,Rationalape1,13075,4.63,0.000354,3.15,0.11,8e-06,42,61,19.0,29,77
374,365,mrjasonchoi,110922,4.63,4.2e-05,17.29,0.11,1e-06,42,142,100.0,102,242
375,365,DigitsCapital,16972,4.63,0.000273,16.17,0.11,6e-06,42,108,66.0,71,151
376,365,sumitkapoor16,22118,4.63,0.000209,5.82,0.11,5e-06,42,90,48.0,55,99
377,365,allieeveknox,131126,4.63,3.5e-05,9.99,0.11,1e-06,42,91,49.0,61,127
378,365,IcedKnife,84717,4.63,5.5e-05,12.35,0.11,1e-06,42,99,57.0,40,122
379,380,brycent_,8600,4.41,0.000513,24.35,0.11,1.2e-05,42,153,111.0,96,202
380,380,cherry_linkie,1115,4.41,0.003958,5.66,0.11,9.4e-05,42,97,55.0,61,143
381,380,boysnoize,24446,4.41,0.000181,28.45,0.11,4e-06,42,156,114.0,96,220
383,380,DeFinalFantasy,120816,4.41,3.7e-05,8.44,0.11,1e-06,42,93,51.0,66,134
384,380,krugermacro,170,4.41,0.025957,14.08,0.11,0.000618,42,140,98.0,84,213
385,380,dabit3,12544,4.41,0.000352,10.42,0.11,8e-06,42,94,52.0,60,104
386,380,leap_xyz,5335,4.41,0.000827,11.78,0.11,2e-05,42,112,70.0,67,151
387,380,0xRamonos,138185,4.41,3.2e-05,4.58,0.11,1e-06,42,84,42.0,69,125
388,380,ThinkingBitmex,25013,4.41,0.000176,17.94,0.11,4e-06,42,103,61.0,60,124
389,380,Thatjpeg_,182643,4.41,2.4e-05,2.81,0.11,1e-06,42,59,17.0,27,72
390,380,crypto_seer,5831,4.41,0.000757,1.89,0.11,1.8e-05,42,49,7.0,25,41
391,392,0xSunNFT,7717,4.31,0.000558,53.19,0.11,1.4e-05,41,224,183.0,153,393
392,392,vydamo_,77839,4.31,5.5e-05,9.09,0.11,1e-06,41,108,67.0,80,169
393,392,OlimpioCrypto,173924,4.31,2.5e-05,28.6,0.11,1e-06,41,185,144.0,133,285
394,392,rarepangolin,2400,4.31,0.001795,5.73,0.11,4.4e-05,41,86,45.0,55,122
395,392,AdrianDittmann,38204,4.31,0.000113,6.23,0.11,3e-06,41,80,39.0,40,113
396,392,ChainLinkGod,21296,4.31,0.000202,14.64,0.11,5e-06,41,144,103.0,99,212
397,392,DeFi_Dad,991,4.31,0.004347,13.61,0.11,0.000106,41,101,60.0,59,126
398,392,MapleLeafCap,1757,4.31,0.002452,8.63,0.11,6e-05,41,93,52.0,60,134
399,392,MoonFriendsTech,4681,4.31,0.00092,11.76,0.11,2.2e-05,41,100,59.0,57,137
400,392,Imperator_0x,757915,4.31,6e-06,7.14,0.11,0.0,41,86,45.0,59,126
401,392,Captain_Kole1,168857,4.31,2.6e-05,18.94,0.11,1e-06,41,119,78.0,73,156
402,392,modestfrfr,4826,4.31,0.000893,25.72,0.11,2.2e-05,41,112,71.0,79,163
403,392,0xLTR,6226,4.31,0.000692,15.56,0.11,1.7e-05,41,99,58.0,71,142
404,392,crypto_iso,47080,4.31,9.1e-05,21.89,0.11,2e-06,41,125,84.0,74,143
405,392,0xtuba,51654,4.31,8.3e-05,23.11,0.11,2e-06,41,165,124.0,110,261
406,392,McDonaldsXBT,10303,4.31,0.000418,12.52,0.11,1e-05,41,105,64.0,80,162
407,392,FriendTechHBot,7115,4.31,0.000605,28.62,0.11,1.5e-05,41,140,99.0,84,234
408,392,Chad_Hominem_,7921,4.31,0.000544,12.99,0.11,1.3e-05,41,105,64.0,70,135
409,392,0xtate,88919,4.31,4.8e-05,2.82,0.11,1e-06,41,70,29.0,38,87
410,411,MaddSprings,11492,4.1,0.000357,8.0,0.1,9e-06,41,93,52.0,52,145
411,411,RebirthOwl,346046,4.1,1.2e-05,2.85,0.1,0.0,41,74,33.0,22,107
412,411,FroyoFren,1544,4.1,0.002655,7.35,0.1,6.5e-05,41,88,47.0,71,123
413,411,sigmaxavi,1122,4.1,0.003654,5.8,0.1,8.9e-05,41,72,31.0,45,90
414,411,Crypto_Chase,10492,4.1,0.000391,30.97,0.1,1e-05,41,147,106.0,100,228
415,411,joseline0x,3425,4.1,0.001197,12.11,0.1,2.9e-05,41,146,105.0,93,249
416,411,ljin18,131745,4.1,3.1e-05,7.84,0.1,1e-06,41,109,68.0,69,177
417,411,0xNBS,1831,4.1,0.002239,32.5,0.1,5.5e-05,41,197,156.0,155,353
419,411,bulltrapper0,170135,4.1,2.4e-05,20.66,0.1,1e-06,41,109,68.0,59,162
420,411,0xQuit,23781,4.1,0.000172,8.98,0.1,4e-06,41,94,53.0,61,110
421,411,fvckrender,861424,4.1,5e-06,28.57,0.1,0.0,41,115,74.0,54,125
422,411,_zkmike,9040,4.1,0.000454,3.99,0.1,1.1e-05,41,70,29.0,56,99
423,424,cyounessi1,201543,4.0,2e-05,4.18,0.1,0.0,40,75,35.0,46,94
424,424,knlae_,50143,4.0,8e-05,13.32,0.1,2e-06,40,113,73.0,74,153
425,424,0xSHARQ,29756,4.0,0.000134,5.48,0.1,3e-06,40,89,49.0,57,138
426,424,RowdyCrypto,11629,4.0,0.000344,1.87,0.1,9e-06,40,45,5.0,20,50
427,424,Pedr0_DC,66453,4.0,6e-05,3.25,0.1,2e-06,40,62,22.0,49,84
428,424,wsbmod,77227,4.0,5.2e-05,47.31,0.1,1e-06,40,214,174.0,123,340
429,424,franklinisbored,9032,4.0,0.000443,46.07,0.1,1.1e-05,40,220,180.0,129,375
430,424,fawoz_,106944,4.0,3.7e-05,11.62,0.1,1e-06,40,103,63.0,84,158
431,424,0x_Hammer,3579,4.0,0.001118,4.76,0.1,2.8e-05,40,73,33.0,63,106
433,424,cryptoaladeen,38024,4.0,0.000105,8.99,0.1,3e-06,40,105,65.0,60,154
434,424,jessewldn,115260,4.0,3.5e-05,9.14,0.1,1e-06,40,114,74.0,82,178
436,424,wassiecapital,62130,4.0,6.4e-05,3.59,0.1,2e-06,40,87,47.0,66,128
437,438,DaddyScarlettC,12126,3.8,0.000314,1.94,0.1,8e-06,40,63,23.0,35,65
438,438,stack__sats,5530,3.8,0.000688,5.48,0.1,1.7e-05,40,76,36.0,59,107
439,438,sarjana_crypto,38390,3.8,9.9e-05,4.34,0.1,2e-06,40,80,40.0,53,88
440,438,craigscoinpurse,31586,3.8,0.00012,3.47,0.1,3e-06,40,74,34.0,47,92
441,438,CredibleCrypto,64729,3.8,5.9e-05,31.89,0.1,1e-06,40,129,89.0,76,173
442,438,HiroKennelly,20213,3.8,0.000188,2.47,0.1,5e-06,40,56,16.0,41,70
443,438,0xBumps,658,3.8,0.005779,1.52,0.1,0.000144,40,49,9.0,12,51
444,438,0xSpot,4198,3.8,0.000906,4.72,0.1,2.3e-05,40,74,34.0,46,84
445,446,Blockchain_C,47262,3.71,7.8e-05,6.84,0.1,2e-06,39,109,70.0,74,170
446,446,EriVlc,73381,3.71,5.1e-05,18.11,0.1,1e-06,39,140,101.0,91,201
447,446,whale_hunter_,72655,3.71,5.1e-05,6.99,0.1,1e-06,39,91,52.0,61,143
448,446,Flowslikeosmo,111431,3.71,3.3e-05,3.68,0.1,1e-06,39,93,54.0,68,127
449,446,OttoSuwenNFT,6802,3.71,0.000545,17.02,0.1,1.4e-05,39,148,109.0,89,253
450,446,wasserpest,34782,3.71,0.000107,5.61,0.1,3e-06,39,83,44.0,49,117
451,446,ranzkyle,60418,3.71,6.1e-05,16.04,0.1,2e-06,39,103,64.0,56,147
452,446,HoneybadgerC,6236,3.71,0.000595,6.08,0.1,1.5e-05,39,74,35.0,45,100
453,446,Rager,9778,3.71,0.000379,9.54,0.1,1e-05,39,138,99.0,94,237
454,446,mikedemarais,14516,3.71,0.000255,12.45,0.1,7e-06,39,126,87.0,100,211
455,446,cheatcoiner,13976,3.71,0.000265,12.01,0.1,7e-06,39,129,90.0,90,205
456,446,Defi0xJeff,61709,3.71,6e-05,4.5,0.1,2e-06,39,74,35.0,52,95
457,446,waleswoosh,51,3.71,0.072695,18.93,0.1,0.001864,39,151,112.0,92,236
458,446,CirrusNFT,1672,3.71,0.002217,29.43,0.1,5.7e-05,39,175,136.0,109,279
459,460,XBT002,1095,3.52,0.003214,3.29,0.09,8.2e-05,39,67,28.0,49,95
460,460,i_am_jackis,10553,3.52,0.000334,13.58,0.09,9e-06,39,112,73.0,80,146
461,460,eslampy,121228,3.52,2.9e-05,3.57,0.09,1e-06,39,65,26.0,47,91
462,460,0xforestpsy,0,3.52,0.0,6.04,0.09,0.0,39,72,33.0,57,104
463,460,zmanian,2787,3.52,0.001263,5.31,0.09,3.2e-05,39,84,45.0,59,111
464,460,TimBeiko,47456,3.52,7.4e-05,18.98,0.09,2e-06,39,122,83.0,81,176
465,460,Tyler_Did_It,61500,3.52,5.7e-05,4.57,0.09,1e-06,39,81,42.0,66,111
466,460,nanexcool,221,3.52,0.015926,8.62,0.09,0.000408,39,101,62.0,64,125
467,460,DeFi_Warlord,18467,3.52,0.000191,3.86,0.09,5e-06,39,80,41.0,50,106
468,460,web3tokenomics,67623,3.52,5.2e-05,4.82,0.09,1e-06,39,72,33.0,45,105
469,460,jacksondahl,970,3.52,0.003629,6.54,0.09,9.3e-05,39,97,58.0,69,155
470,460,0xmons,115116,3.52,3.1e-05,7.62,0.09,1e-06,39,107,68.0,72,137
471,460,mikadontlouz,2821,3.52,0.001248,7.49,0.09,3.2e-05,39,112,73.0,91,183
472,460,trilldeceased,39798,3.52,8.8e-05,5.75,0.09,2e-06,39,95,56.0,66,151
473,474,outpxce,18027,3.43,0.00019,8.62,0.09,5e-06,38,68,30.0,32,94
474,474,YohanGGlobal,17954,3.43,0.000191,6.95,0.09,5e-06,38,81,43.0,56,117
475,474,FreddieRaynolds,24622,3.43,0.000139,13.43,0.09,4e-06,38,111,73.0,81,164
476,474,valueandtime,62960,3.43,5.4e-05,6.55,0.09,1e-06,38,78,40.0,33,96
477,474,gaby_goldberg,5906,3.43,0.000581,10.62,0.09,1.5e-05,38,103,65.0,72,151
478,474,_Urkann,51707,3.43,6.6e-05,10.36,0.09,2e-06,38,102,64.0,56,139
479,474,templecrash,127088,3.43,2.7e-05,6.55,0.09,1e-06,38,77,39.0,46,90
481,474,chatwithcharles,53080,3.43,6.5e-05,7.99,0.09,2e-06,38,98,60.0,53,133
482,474,mrblocktw,7618,3.43,0.00045,4.04,0.09,1.2e-05,38,68,30.0,38,96
483,474,avocado_toast2,2314,3.43,0.001482,6.66,0.09,3.9e-05,38,84,46.0,62,130
484,474,thinkingvol,26,3.43,0.131904,7.87,0.09,0.003471,38,114,76.0,85,189
485,474,CryptoSources,4128,3.43,0.000831,5.15,0.09,2.2e-05,38,88,50.0,70,138
486,474,spacepixel,8174,3.43,0.00042,4.94,0.09,1.1e-05,38,87,49.0,63,136
488,489,kyledoops,498175,3.25,7e-06,6.08,0.09,0.0,38,83,45.0,51,102
489,489,kairos_dao,229,3.25,0.014198,1.41,0.09,0.000374,38,44,6.0,18,50
490,489,xogcr,29741,3.25,0.000109,2.12,0.09,3e-06,38,53,15.0,27,63
491,489,vsnation_,562838,3.25,6e-06,8.31,0.09,0.0,38,74,36.0,41,103
492,489,YOJIMBO_KING,132977,3.25,2.4e-05,14.91,0.09,1e-06,38,105,67.0,68,151
493,489,BullyEsq,70139,3.25,4.6e-05,16.31,0.09,1e-06,38,135,97.0,97,223
494,489,yumipeixuan,28437,3.25,0.000114,1.67,0.09,3e-06,38,48,10.0,28,57
495,489,cryptoezu,44128,3.25,7.4e-05,7.99,0.09,2e-06,38,84,46.0,63,130
496,489,statelayer,6157,3.25,0.000528,12.9,0.09,1.4e-05,38,150,112.0,86,199
497,489,DefiIgnas,9071,3.25,0.000358,10.01,0.09,9e-06,38,107,69.0,83,170
498,489,0xTecton,228480,3.25,1.4e-05,2.64,0.09,0.0,38,54,16.0,32,66
499,489,0xAlan_,9980,3.25,0.000326,6.56,0.09,9e-06,38,78,40.0,58,100
500,489,astekz,38943,3.25,8.3e-05,10.29,0.09,2e-06,38,105,67.0,71,150
501,489,hero_truck,134607,3.25,2.4e-05,8.72,0.09,1e-06,38,118,80.0,75,198
502,489,0xgaut,22448,3.25,0.000145,19.61,0.09,4e-06,38,174,136.0,109,285
503,489,3eleth,89847,3.25,3.6e-05,5.16,0.09,1e-06,38,90,52.0,55,142
504,505,0xWangarian,71530,3.17,4.4e-05,16.39,0.09,1e-06,37,111,74.0,59,113
506,505,loldefi,56983,3.17,5.6e-05,7.45,0.09,2e-06,37,98,61.0,68,150
508,505,_FabianHD,13670,3.17,0.000232,4.84,0.09,6e-06,37,92,55.0,70,147
509,505,Rekt_Tekashi,32256,3.17,9.8e-05,8.36,0.09,3e-06,37,103,66.0,57,135
510,505,antiprosynth,124774,3.17,2.5e-05,8.51,0.09,1e-06,37,91,54.0,60,125
511,505,blockchaingod69,10531,3.17,0.000301,19.22,0.09,8e-06,37,109,72.0,65,165
512,505,funghibull,80545,3.17,3.9e-05,8.45,0.09,1e-06,37,120,83.0,93,192
513,505,ColeThereum,12545,3.17,0.000252,12.59,0.09,7e-06,37,135,98.0,77,188
514,515,ProTheDoge,1149,3.16,0.002754,16.34,0.08,7.2e-05,38,127,89.0,58,159
515,516,Pollo2x,1622,3.0,0.001848,17.47,0.08,5e-05,37,130,93.0,68,152
516,516,0xjaypeg,9122,3.0,0.000329,7.39,0.08,9e-06,37,84,47.0,54,116
517,516,rajivpoc,122830,3.0,2.4e-05,1.24,0.08,1e-06,37,43,6.0,20,49
518,516,OnlyFriend13208,13334,3.0,0.000225,2.97,0.08,6e-06,37,62,25.0,34,78
519,516,0xjune_,27256,3.0,0.00011,9.87,0.08,3e-06,37,112,75.0,82,187
520,516,setanimals,10229,3.0,0.000293,3.02,0.08,8e-06,37,69,32.0,63,101
521,516,TimshelXYZ,1027,3.0,0.002918,2.54,0.08,7.9e-05,37,78,41.0,54,119
522,516,orangebook_,76695,3.0,3.9e-05,7.16,0.08,1e-06,37,107,70.0,44,143
523,516,BitW0nka,1590,3.0,0.001885,5.83,0.08,5.1e-05,37,67,30.0,37,89
524,516,bigdsenpai,100706,3.0,3e-05,14.1,0.08,1e-06,37,98,61.0,55,133
525,516,wallstreetbets,91835,3.0,3.3e-05,23.74,0.08,1e-06,37,135,98.0,63,189
526,516,Bullrun_Gravano,58554,3.0,5.1e-05,10.56,0.08,1e-06,37,109,72.0,70,158
527,516,dwr,211069,3.0,1.4e-05,6.97,0.08,0.0,37,123,86.0,90,191
530,529,rainnen23,4712,2.92,0.000619,8.23,0.08,1.7e-05,36,85,49.0,61,119
531,529,barneytheboi,9916,2.92,0.000294,18.66,0.08,8e-06,36,115,79.0,86,176
532,529,TheCryptoData,8455,2.92,0.000345,2.51,0.08,1e-05,36,62,26.0,44,88
533,529,delucinator,15786,2.92,0.000185,6.52,0.08,5e-06,36,91,55.0,62,146
534,529,hebi555,34768,2.92,8.4e-05,13.73,0.08,2e-06,36,121,85.0,66,173
535,529,itszore,2980,2.92,0.000979,3.61,0.08,2.7e-05,36,65,29.0,41,85
536,529,vec0zy,4241,2.92,0.000688,18.07,0.08,1.9e-05,36,110,74.0,66,155
537,529,AshleyDCan,1657,2.92,0.00176,13.67,0.08,4.9e-05,36,160,124.0,105,232
538,529,calchulus,6650,2.92,0.000438,2.61,0.08,1.2e-05,36,63,27.0,40,76
539,529,iamlauwolff,102981,2.92,2.8e-05,11.58,0.08,1e-06,36,137,101.0,94,216
540,529,xbtGBH,269,2.92,0.01084,21.68,0.08,0.000301,36,125,89.0,74,196
541,529,sobylife,2574,2.92,0.001133,9.39,0.08,3.1e-05,36,114,78.0,90,192
542,529,honey_xbt,17153,2.92,0.00017,13.76,0.08,5e-06,36,138,102.0,88,210
543,529,0xsere,15546,2.92,0.000188,1.96,0.08,5e-06,36,48,12.0,24,60
544,529,mfigge,647611,2.92,5e-06,11.92,0.08,0.0,36,81,45.0,35,102
546,529,SHL0MS,72570,2.92,4e-05,15.65,0.08,1e-06,36,114,78.0,80,192
547,529,ElonTrades,21646,2.92,0.000135,16.38,0.08,4e-06,36,119,83.0,62,153
548,529,badquant1,1380122,2.92,2e-06,6.54,0.08,0.0,36,116,80.0,85,188
549,529,DeFi_Brian,16042,2.92,0.000182,15.99,0.08,5e-06,36,126,90.0,82,216
550,529,DegenCryptoInfo,38166,2.92,7.6e-05,16.21,0.08,2e-06,36,101,65.0,56,155
552,553,0x_Leo_,36245,2.76,7.6e-05,4.8,0.08,2e-06,35,76,41.0,52,116
553,553,0xMattyb,26349,2.76,0.000105,2.29,0.08,3e-06,35,56,21.0,32,70
554,555,CryptoNova_,11880,2.76,0.000232,4.49,0.08,6e-06,36,72,36.0,39,81
555,555,abetrade,25922,2.76,0.000106,25.98,0.08,3e-06,36,130,94.0,80,179
556,555,Riley_gmi,13078,2.76,0.000211,6.65,0.08,6e-06,36,88,52.0,69,134
557,555,TysonThe2nd,9686,2.76,0.000285,3.61,0.08,8e-06,36,85,49.0,66,126
558,555,onlynatrix,2580,2.76,0.001068,4.72,0.08,3e-05,36,80,44.0,47,110
559,555,GCRgpt,764618,2.76,4e-06,2.86,0.08,0.0,36,62,26.0,51,88
560,555,KrownCryptoCave,16688,2.76,0.000165,10.58,0.08,5e-06,36,116,80.0,85,168
561,555,Dennis_sll1,2322,2.76,0.001187,1.06,0.08,3.3e-05,36,41,5.0,17,42
562,555,0xBender,25465,2.76,0.000108,12.71,0.08,3e-06,36,110,74.0,44,149
563,555,ZAGABOND,18472,2.76,0.000149,34.71,0.08,4e-06,36,179,143.0,94,266
564,565,ANoNakamoto,26218,2.68,0.000102,8.95,0.08,3e-06,35,112,77.0,66,151
565,565,DackieSwap,51127,2.68,5.2e-05,4.54,0.08,1e-06,35,86,51.0,58,112
566,565,defi_darling,22355,2.68,0.00012,13.5,0.08,3e-06,35,107,72.0,63,148
567,565,McJAMES14014632,5625,2.68,0.000476,14.13,0.08,1.4e-05,35,138,103.0,91,240
568,565,aradtski,3860,2.68,0.000694,3.76,0.08,2e-05,35,69,34.0,58,103
569,565,benroy__,4956,2.68,0.000541,3.45,0.08,1.5e-05,35,70,35.0,57,103
570,565,REMILIONAIRE,31317,2.68,8.6e-05,19.52,0.08,2e-06,35,144,109.0,93,236
571,565,Zywiecrypto,8785,2.68,0.000305,3.96,0.08,9e-06,35,61,26.0,24,73
572,565,enjoyoor,127708,2.68,2.1e-05,9.18,0.08,1e-06,35,100,65.0,71,159
573,565,credit88888,130351,2.68,2.1e-05,3.18,0.08,1e-06,35,59,24.0,26,83
574,565,_ck007,124722,2.68,2.1e-05,2.74,0.08,1e-06,35,57,22.0,42,75
575,565,voltrongo,26159,2.68,0.000102,1.82,0.08,3e-06,35,51,16.0,40,67
576,565,edgarpavlovsky,19332,2.68,0.000139,4.89,0.08,4e-06,35,81,46.0,64,123
578,565,evan_van_ness,23207,2.68,0.000115,4.58,0.08,3e-06,35,82,47.0,45,93
579,565,FrensTech,94373,2.68,2.8e-05,69.47,0.08,1e-06,35,246,211.0,55,371
580,565,1derfuel,195055,2.68,1.4e-05,3.91,0.08,0.0,35,86,51.0,53,137
581,565,ExitLiqCapital,5753,2.68,0.000466,6.36,0.08,1.3e-05,35,87,52.0,64,125
582,565,melabeeofficial,27370,2.68,9.8e-05,3.04,0.08,3e-06,35,76,41.0,47,107
583,565,Eljaboom,5362,2.68,0.0005,6.59,0.08,1.4e-05,35,100,65.0,56,139
584,565,NFTwap,10495,2.68,0.000255,3.42,0.08,7e-06,35,61,26.0,38,87
585,565,whatdotcd,3412,2.68,0.000785,2.34,0.08,2.2e-05,35,54,19.0,36,73
586,565,0xMerp,4406,2.68,0.000608,13.52,0.08,1.7e-05,35,135,100.0,110,235
587,588,BrianDEvans,2267,2.53,0.001116,35.43,0.07,3.3e-05,34,131,97.0,76,175
588,589,wilburforce_,8818,2.53,0.000287,6.29,0.07,8e-06,35,92,57.0,67,149
589,589,HackermanAce,6223,2.53,0.000406,5.65,0.07,1.2e-05,35,80,45.0,46,125
590,589,CryptoTubylec,13010,2.53,0.000194,6.41,0.07,6e-06,35,82,47.0,36,109
591,589,pinkydollrealb,187605,2.53,1.3e-05,36.03,0.07,0.0,35,315,280.0,186,580
592,589,AlexisToria,1715,2.53,0.001474,7.83,0.07,4.2e-05,35,91,56.0,49,116
594,589,The_Bogfather,37021,2.53,6.8e-05,4.53,0.07,2e-06,35,77,42.0,58,106
595,589,0xKirara,1509,2.53,0.001676,6.31,0.07,4.8e-05,35,103,68.0,66,170
596,589,TantoNomini,4548,2.53,0.000556,2.24,0.07,1.6e-05,35,60,25.0,35,69
597,598,niraj,71247,2.46,3.4e-05,1.74,0.07,1e-06,34,52,18.0,22,56
598,598,0xSolarcurve,8104,2.46,0.000303,5.45,0.07,9e-06,34,75,41.0,34,92
599,598,krassenstein,139138,2.46,1.8e-05,10.21,0.07,1e-06,34,122,88.0,65,176
600,598,pokeepandaa,8611,2.46,0.000285,12.59,0.07,8e-06,34,101,67.0,55,146
601,598,eclecticcapital,6768,2.46,0.000363,9.18,0.07,1.1e-05,34,88,54.0,70,140
602,598,andrewsaunders,27829,2.46,8.8e-05,11.71,0.07,3e-06,34,94,60.0,60,111
603,598,cryptobulma,15160,2.46,0.000162,10.57,0.07,5e-06,34,121,87.0,92,197
604,598,0xmasiwei,21630,2.46,0.000114,3.04,0.07,3e-06,34,73,39.0,49,91
605,598,CryptoMocro_,3923,2.46,0.000626,12.22,0.07,1.8e-05,34,95,61.0,54,137
606,598,sebaudet26,22205,2.46,0.000111,2.84,0.07,3e-06,34,85,51.0,64,136
607,598,0xDamien,3970,2.46,0.000619,6.25,0.07,1.8e-05,34,77,43.0,56,112
608,598,supermariokartD,987,2.46,0.002489,2.33,0.07,7.3e-05,34,66,32.0,39,93
609,598,warren_muppets,497073,2.46,5e-06,7.43,0.07,0.0,34,104,70.0,91,174
610,598,GrindingPoet,7653,2.46,0.000321,10.47,0.07,9e-06,34,128,94.0,96,222
612,598,th_alchemist_,19082,2.46,0.000129,4.84,0.07,4e-06,34,59,25.0,34,72
613,598,DannyCrypt,79138,2.46,3.1e-05,8.99,0.07,1e-06,34,87,53.0,57,115
614,598,SolanaSensei,104929,2.46,2.3e-05,9.65,0.07,1e-06,34,107,73.0,56,152
616,617,fxnction,53593,2.31,4.3e-05,7.28,0.07,1e-06,34,108,74.0,74,147
617,617,MonetSupply,10545,2.31,0.000219,5.11,0.07,6e-06,34,86,52.0,54,113
618,617,vers_laLune,1334,2.31,0.001735,3.85,0.07,5.1e-05,34,76,42.0,49,112
619,617,Livercoin,60169,2.31,3.8e-05,11.65,0.07,1e-06,34,112,78.0,72,166
621,617,ashtoshii,228,2.31,0.01015,8.61,0.07,0.000299,34,102,68.0,70,170
622,617,GiancarloChaux,7665,2.31,0.000302,14.33,0.07,9e-06,34,146,112.0,99,224
623,617,LilMoonLambo,1538,2.31,0.001505,57.61,0.07,4.4e-05,34,352,318.0,279,663
624,617,cryptoian,19415,2.31,0.000119,3.65,0.07,4e-06,34,69,35.0,55,100
625,617,woody82343978,27706,2.31,8.4e-05,1.93,0.07,2e-06,34,53,19.0,36,72
626,617,kimyg002,80,2.31,0.028927,3.14,0.07,0.000851,34,68,34.0,49,99
627,617,___hounds,22006,2.31,0.000105,5.05,0.07,3e-06,34,65,31.0,50,90
629,617,fartconthird,67584,2.31,3.4e-05,3.61,0.07,1e-06,34,59,25.0,34,80
630,617,Dereek70,67823,2.31,3.4e-05,1.07,0.07,1e-06,34,44,10.0,23,53
631,617,JolieYang,39656,2.31,5.8e-05,2.71,0.07,2e-06,34,70,36.0,52,99
632,617,AraDG11,164,2.31,0.014111,3.28,0.07,0.000415,34,66,32.0,41,88
633,617,_samspike_,19000,2.31,0.000122,5.52,0.07,4e-06,34,94,60.0,68,154
634,617,level941,8068,2.31,0.000287,10.01,0.07,8e-06,34,105,71.0,51,160
635,617,andr3w,22090,2.31,0.000105,15.92,0.07,3e-06,34,173,139.0,124,306
636,617,Mulan0x,3331,2.31,0.000695,1.41,0.07,2e-05,34,43,9.0,28,52
637,617,easonwu_,91666,2.31,2.5e-05,1.08,0.07,1e-06,34,40,6.0,29,46
638,617,AltsQ,36559,2.31,6.3e-05,6.62,0.07,2e-06,34,83,49.0,51,108
639,617,nyaxeth,103700,2.31,2.2e-05,3.05,0.07,1e-06,34,67,33.0,44,84
640,641,0xG00gly,5705,2.25,0.000394,2.8,0.07,1.2e-05,33,60,27.0,49,85
641,641,poopie,26195,2.25,8.6e-05,8.97,0.07,3e-06,33,104,71.0,53,141
643,641,zjbrenner,81764,2.25,2.7e-05,1.6,0.07,1e-06,33,50,17.0,39,59
644,641,SolanaLegend,574396,2.25,4e-06,8.04,0.07,0.0,33,88,55.0,49,121
645,641,0xShitTrader,6403,2.25,0.000351,2.62,0.07,1.1e-05,33,69,36.0,48,105
646,641,FroggyCyborg,3331,2.25,0.000674,2.69,0.07,2e-05,33,57,24.0,37,81
647,641,BitBoyJay,103816,2.25,2.2e-05,7.76,0.07,1e-06,33,89,56.0,44,98
648,641,queenwartooth,67835,2.25,3.3e-05,5.38,0.07,1e-06,33,90,57.0,56,131
649,641,hype_eth,22634,2.25,9.9e-05,22.2,0.07,3e-06,33,159,126.0,118,285
650,641,Alvin0617,310875,2.25,7e-06,1.19,0.07,0.0,33,42,9.0,29,51
651,641,RoofHanzo,19113,2.25,0.000118,9.42,0.07,4e-06,33,113,80.0,78,193
652,641,phooterxbt,57649,2.25,3.9e-05,4.03,0.07,1e-06,33,67,34.0,45,93
653,641,Cryptchamo,281372,2.25,8e-06,3.21,0.07,0.0,33,54,21.0,45,75
654,641,Morpheusresist,45138,2.25,5e-05,17.12,0.07,2e-06,33,106,73.0,51,123
655,641,a1ex_eth,1273,2.25,0.001764,3.75,0.07,5.3e-05,33,70,37.0,49,107
656,641,0xCrypticCrypto,4164,2.25,0.000539,12.44,0.07,1.6e-05,33,125,92.0,64,193
658,641,trader_koala,141,2.25,0.01593,4.47,0.07,0.000483,33,83,50.0,64,131
659,641,Axel_bitblaze69,8067,2.25,0.000278,5.37,0.07,8e-06,33,124,91.0,79,175
660,641,RNR_0,20424,2.25,0.00011,14.52,0.07,3e-06,33,133,100.0,94,224
661,641,Slappjakke,167947,2.25,1.3e-05,3.91,0.07,0.0,33,65,32.0,42,81
662,641,CryptoKans,47923,2.25,4.7e-05,7.82,0.07,1e-06,33,90,57.0,41,101
663,641,PopPunkOnChain,18592,2.25,0.000121,5.9,0.07,4e-06,33,75,42.0,45,104
664,641,wassie,8921,2.25,0.000252,4.52,0.07,8e-06,33,84,51.0,46,131
665,641,blakeir,2046,2.25,0.001098,2.46,0.07,3.3e-05,33,64,31.0,42,82
666,641,ChingonETH,2778,2.25,0.000809,4.19,0.07,2.5e-05,33,66,33.0,37,95
667,668,0xuglyduck,9916,2.11,0.000213,1.37,0.07,7e-06,32,37,5.0,5,37
668,669,kujiiii,37666,2.11,5.6e-05,4.13,0.06,2e-06,33,71,38.0,42,79
669,669,based16z,124,2.11,0.017032,2.38,0.06,0.000516,33,49,16.0,29,53
672,669,DrSoldmanGachs,40705,2.11,5.2e-05,2.54,0.06,2e-06,33,66,33.0,34,91
673,669,DCbuild3r,4823,2.11,0.000438,7.91,0.06,1.3e-05,33,84,51.0,60,101
674,669,bbyydal,18288,2.11,0.000115,12.67,0.06,3e-06,33,106,73.0,69,177
676,669,Phygital_Good,40178,2.11,5.3e-05,2.67,0.06,2e-06,33,62,29.0,35,85
677,669,lvl1baddie,243361,2.11,9e-06,2.67,0.06,0.0,33,67,34.0,57,101
678,669,crypto_bobby,5195,2.11,0.000407,3.25,0.06,1.2e-05,33,67,34.0,37,75
679,669,rivatez,24007,2.11,8.8e-05,5.49,0.06,3e-06,33,86,53.0,57,122
680,669,AureliusBTC,340,2.11,0.006212,2.1,0.06,0.000188,33,60,27.0,31,66
681,669,YantraDAO,17774,2.11,0.000119,0.72,0.06,4e-06,33,33,,16,24
682,669,MonkeyCharts,14416,2.11,0.000147,3.2,0.06,4e-06,33,70,37.0,53,98
683,669,neelsalami,620,2.11,0.003406,1.19,0.06,0.000103,33,50,17.0,25,60
684,669,Cyrus_Fazel,384897,2.11,5e-06,2.02,0.06,0.0,33,60,27.0,38,67
685,669,BuyWeb3,549327,2.11,4e-06,1.14,0.06,0.0,33,52,19.0,36,70
686,669,ardizor,7540,2.11,0.00028,6.35,0.06,8e-06,33,97,64.0,59,132
687,669,eferrariph,7566,2.11,0.000279,6.9,0.06,8e-06,33,100,67.0,70,149
688,669,Coachkcrypto,19037,2.11,0.000111,8.93,0.06,3e-06,33,94,61.0,45,96
689,690,MogCoinEth,617,2.05,0.003319,18.61,0.06,0.000104,32,138,106.0,82,205
691,690,Rafi_0x,8565,2.05,0.000239,7.5,0.06,7e-06,32,85,53.0,52,118
692,690,drakeondigital,31077,2.05,6.6e-05,7.12,0.06,2e-06,32,92,60.0,52,131
693,690,CaleCrypto,1497,2.05,0.001368,8.87,0.06,4.3e-05,32,102,70.0,58,121
694,690,CryptoKemal,16212,2.05,0.000126,11.98,0.06,4e-06,32,100,68.0,59,120
695,690,0xDigitalOil,6977,2.05,0.000294,1.55,0.06,9e-06,32,47,15.0,19,55
696,690,hellojintao,874,2.05,0.002343,5.14,0.06,7.3e-05,32,115,83.0,89,198
697,690,9x9x9eth,25747,2.05,8e-05,23.65,0.06,2e-06,32,143,111.0,63,168
698,690,lovennft,165173,2.05,1.2e-05,4.1,0.06,0.0,32,77,45.0,42,79
699,690,robek_world,517,2.05,0.003961,3.14,0.06,0.000124,32,63,31.0,40,83
700,690,AltCryptoGems,10947,2.05,0.000187,4.9,0.06,6e-06,32,95,63.0,51,138
701,690,smsunarto,3074,2.05,0.000666,4.13,0.06,2.1e-05,32,73,41.0,49,107
702,690,JohnWRichKid,12770,2.05,0.00016,5.58,0.06,5e-06,32,95,63.0,67,150
703,690,BCBacker,79141,2.05,2.6e-05,8.89,0.06,1e-06,32,76,44.0,39,83
704,690,ericonomic,4798,2.05,0.000427,2.87,0.06,1.3e-05,32,67,35.0,53,93
705,690,Shill_Pill,27927,2.05,7.3e-05,1.44,0.06,2e-06,32,44,12.0,23,52
706,690,dengdengspams,1682,2.05,0.001218,5.02,0.06,3.8e-05,32,86,54.0,56,126
708,690,scrypto_,47728,2.05,4.3e-05,4.24,0.06,1e-06,32,70,38.0,53,108
709,690,Binothegoodman,50510,2.05,4.1e-05,1.86,0.06,1e-06,32,49,17.0,43,66
710,690,dogoshii,10221,2.05,0.0002,6.62,0.06,6e-06,32,77,45.0,55,122
711,690,hufhaus9,7667,2.05,0.000267,9.66,0.06,8e-06,32,93,61.0,63,129
712,713,NFTGUYY,103,1.92,0.01866,9.13,0.06,0.000583,32,99,67.0,64,119
713,713,divine_economy,1164,1.92,0.001651,3.27,0.06,5.2e-05,32,76,44.0,47,82
714,713,sgsand1,11562,1.92,0.000166,3.96,0.06,5e-06,32,67,35.0,39,80
715,713,0xPajke,545,1.92,0.003527,1.96,0.06,0.00011,32,58,26.0,32,75
716,713,tuleep_trade,92070,1.92,2.1e-05,2.55,0.06,1e-06,32,69,37.0,26,99
718,713,deepname99,4551,1.92,0.000422,2.61,0.06,1.3e-05,32,59,27.0,40,86
719,713,cryptogle,1711,1.92,0.001123,0.97,0.06,3.5e-05,32,49,17.0,31,62
720,713,macrocephalopod,8171,1.92,0.000235,4.48,0.06,7e-06,32,76,44.0,42,89
722,713,bib_smartbot,103259,1.92,1.9e-05,10.09,0.06,1e-06,32,99,67.0,64,162
723,713,spencernoon,2564,1.92,0.00075,7.93,0.06,2.3e-05,32,106,74.0,66,146
724,713,TheDeFinvestor,10090,1.92,0.00019,12.24,0.06,6e-06,32,125,93.0,102,218
725,713,dystopiabreaker,4246,1.92,0.000453,8.76,0.06,1.4e-05,32,87,55.0,57,117
726,713,HeiroCapital,4764,1.92,0.000403,2.6,0.06,1.3e-05,32,50,18.0,34,56
727,713,kandiiXkitten,8869,1.92,0.000217,4.94,0.06,7e-06,32,81,49.0,47,118
728,713,karleaboyer,6904,1.92,0.000278,4.11,0.06,9e-06,32,69,37.0,44,106
729,713,ToTheDemon,16387,1.92,0.000117,2.76,0.06,4e-06,32,78,46.0,56,118
730,713,cryptorecruitr,290,1.92,0.006628,5.99,0.06,0.000207,32,97,65.0,48,120
731,713,alpinestar17,6105,1.92,0.000315,2.31,0.06,1e-05,32,63,31.0,46,85
732,713,Bonecondor,13809,1.92,0.000139,5.13,0.06,4e-06,32,83,51.0,62,134
734,735,0xprames,12878,1.86,0.000145,3.12,0.06,5e-06,31,56,25.0,45,81
735,735,PetitPrinceETH,264,1.86,0.007053,6.86,0.06,0.000228,31,78,47.0,61,114
736,735,Henry_VuQuangDu,5606,1.86,0.000332,4.02,0.06,1.1e-05,31,61,30.0,43,85
737,735,bagfaced,7956,1.86,0.000234,3.9,0.06,8e-06,31,90,59.0,59,149
738,735,btc_jx,21423,1.86,8.7e-05,8.96,0.06,3e-06,31,122,91.0,94,210
739,735,rovercrc,174,1.86,0.010701,21.48,0.06,0.000345,31,115,84.0,61,156
740,735,Corgil_,882054,1.86,2e-06,2.12,0.06,0.0,31,64,33.0,55,97
741,735,2170cell,4608,1.86,0.000404,2.0,0.06,1.3e-05,31,51,20.0,47,71
742,735,CurveCap,2903,1.86,0.000641,4.06,0.06,2.1e-05,31,70,39.0,40,87
743,735,Octal_Crypto,124510,1.86,1.5e-05,4.68,0.06,0.0,31,95,64.0,67,139
744,735,0xShual,6750,1.86,0.000276,9.76,0.06,9e-06,31,98,67.0,58,118
745,735,binji_x,12835,1.86,0.000145,4.09,0.06,5e-06,31,71,40.0,51,111
746,735,batsoupyum,2364,1.86,0.000788,4.2,0.06,2.5e-05,31,76,45.0,54,112
747,735,peachmint00,336,1.86,0.005541,2.09,0.06,0.000179,31,57,26.0,45,83
748,735,Jesseeckel,24968,1.86,7.5e-05,1.95,0.06,2e-06,31,63,32.0,36,89
749,735,colingplatt,4010,1.86,0.000464,7.57,0.06,1.5e-05,31,74,43.0,48,112
750,735,iJoshuaHarding,1036,1.86,0.001797,2.04,0.06,5.8e-05,31,55,24.0,40,79
751,735,JordanLyall,40650,1.86,4.6e-05,1.67,0.06,1e-06,31,59,28.0,48,83
752,735,MasonVersluis,12722,1.86,0.000146,2.72,0.06,5e-06,31,70,39.0,33,89
753,735,sh3rcryptO,268,1.86,0.006948,8.96,0.06,0.000224,31,112,81.0,84,191
755,735,DeFiMann,26328,1.86,7.1e-05,2.37,0.06,2e-06,31,53,22.0,34,65
756,735,DrgStefanescu,109590,1.86,1.7e-05,3.58,0.06,1e-06,31,58,27.0,49,85
757,735,AVCrypto_,2213,1.86,0.000841,3.34,0.06,2.7e-05,31,77,46.0,54,105
758,735,MinisterOfNFTs,12552,1.86,0.000148,13.86,0.06,5e-06,31,107,76.0,55,130
759,735,Seranged,173,1.86,0.010763,1.96,0.06,0.000347,31,69,38.0,38,98
760,735,wassielawyer,9363,1.86,0.000199,9.57,0.06,6e-06,31,100,69.0,55,121
761,735,Nick_Prince12,23129,1.86,8.1e-05,3.57,0.06,3e-06,31,65,34.0,54,96
762,735,JuanSnow,1829,1.86,0.001018,7.66,0.06,3.3e-05,31,96,65.0,82,161
763,735,fomocapdao,1091,1.86,0.001707,7.87,0.06,5.5e-05,31,86,55.0,52,99
764,765,hudsonjameson,27623,1.74,6.3e-05,1.8,0.06,2e-06,31,59,28.0,43,87
765,765,BanditMfer,349,1.74,0.004996,2.81,0.06,0.000161,31,70,39.0,49,109
766,765,guccitroII,42078,1.74,4.1e-05,7.36,0.06,1e-06,31,105,74.0,80,179
767,765,MelonBTC,621006,1.74,3e-06,0.86,0.06,0.0,31,40,9.0,26,49
768,765,rage_pit,10343,1.74,0.000169,1.22,0.06,5e-06,31,46,15.0,26,57
769,765,0xak_,1389,1.74,0.001255,3.55,0.06,4e-05,31,56,25.0,39,74
770,765,YannikSood,2489,1.74,0.000701,2.63,0.06,2.3e-05,31,54,23.0,40,77
771,765,betty_nft,42291,1.74,4.1e-05,7.35,0.06,1e-06,31,100,69.0,55,118
772,765,yungcontent,983,1.74,0.001774,1.48,0.06,5.7e-05,31,55,24.0,46,79
773,765,michaelhealyco,4522,1.74,0.000386,0.73,0.06,1.2e-05,31,40,9.0,8,24
774,765,cryethereum,49,1.74,0.035587,0.76,0.06,0.001148,31,35,4.0,8,39
775,765,JKrantz,1466,1.74,0.001189,1.18,0.06,3.8e-05,31,54,23.0,17,35
776,765,defigen,867,1.74,0.002011,5.16,0.06,6.5e-05,31,75,44.0,29,108
777,765,MingoAirdrop,3615,1.74,0.000482,6.36,0.06,1.6e-05,31,104,73.0,87,172
779,765,danlevine,83151,1.74,2.1e-05,5.98,0.06,1e-06,31,106,75.0,56,164
780,765,DeFiDave22,1385,1.74,0.001259,2.48,0.06,4.1e-05,31,71,40.0,58,111
781,765,shiro57102,20682,1.74,8.4e-05,4.08,0.06,3e-06,31,71,40.0,53,111
782,765,0xWenMoon,20991,1.74,8.3e-05,3.06,0.06,3e-06,31,63,32.0,52,95
783,765,0xRodo,2997,1.74,0.000582,1.51,0.06,1.9e-05,31,66,35.0,56,101
784,765,0xWicked,2767,1.74,0.00063,1.11,0.06,2e-05,31,45,14.0,25,59
785,765,sherlock_hodles,9323,1.74,0.000187,4.1,0.06,6e-06,31,72,41.0,53,113
786,765,milady,15351,1.74,0.000114,20.93,0.06,4e-06,31,137,106.0,52,208
787,765,_TomHoward,2550,1.74,0.000684,1.3,0.06,2.2e-05,31,45,14.0,10,46
788,765,WPeaster,10870,1.74,0.00016,1.07,0.06,5e-06,31,48,17.0,41,65
789,765,YXorxx,24869,1.74,7e-05,2.19,0.06,2e-06,31,57,26.0,33,75
790,765,CryptoTHFC,11613,1.74,0.00015,4.37,0.06,5e-06,31,93,62.0,81,155
791,765,8888bitcoin,16089,1.74,0.000108,1.2,0.06,3e-06,31,51,20.0,34,68
792,765,apoorvlathey,5882,1.74,0.000296,1.08,0.06,1e-05,31,49,18.0,20,41
793,765,presidentpush,19613,1.74,8.9e-05,1.95,0.06,3e-06,31,52,21.0,36,61
794,765,litocoen,39319,1.74,4.4e-05,5.75,0.06,1e-06,31,73,42.0,43,89
795,765,metaverseJoe,568,1.74,0.00307,3.0,0.06,9.9e-05,31,71,40.0,51,111
796,765,eness_turann,7155,1.74,0.000244,15.51,0.06,8e-06,31,111,80.0,72,174
797,798,paulcr2009,12391,1.69,0.000136,1.41,0.06,5e-06,30,45,15.0,37,60
798,798,Impose_eth,20871,1.69,8.1e-05,2.65,0.06,3e-06,30,50,20.0,32,61
799,798,cozypront,27006,1.69,6.2e-05,7.6,0.06,2e-06,30,92,62.0,57,128
800,798,_seacasa,21899,1.69,7.7e-05,1.76,0.06,3e-06,30,58,28.0,42,86
801,798,jyap,58472,1.69,2.9e-05,1.58,0.06,1e-06,30,52,22.0,26,57
802,798,fallforfud,5259,1.69,0.000321,2.96,0.06,1.1e-05,30,65,35.0,39,80
803,798,erithium,56935,1.69,3e-05,0.96,0.06,1e-06,30,38,8.0,8,42
804,798,mushmoonz,4118,1.69,0.00041,5.57,0.06,1.4e-05,30,73,43.0,46,99
805,798,buyingyourstops,1035492,1.69,2e-06,1.44,0.06,0.0,30,44,14.0,25,54
806,798,_anti_code_,4062,1.69,0.000415,12.02,0.06,1.4e-05,30,110,80.0,64,182
807,798,dapanji_eth,4757,1.69,0.000355,1.39,0.06,1.2e-05,30,53,23.0,29,68
808,798,0xJezza,8795,1.69,0.000192,5.62,0.06,6e-06,30,89,59.0,58,142
809,798,NullFUD,12461,1.69,0.000135,3.75,0.06,5e-06,30,61,31.0,44,91
810,798,optimizoor,843,1.69,0.002002,3.5,0.06,6.7e-05,30,67,37.0,46,83
811,798,deltaxbt,599,1.69,0.002817,8.15,0.06,9.4e-05,30,116,86.0,101,202
812,798,TheShamdoo,38064,1.69,4.4e-05,12.49,0.06,1e-06,30,129,99.0,99,228
813,798,DirtyStockPlays,10551,1.69,0.00016,2.08,0.06,5e-06,30,52,22.0,33,74
814,798,imdanielallan,1744,1.69,0.000968,1.57,0.06,3.2e-05,30,46,16.0,26,52
815,798,Parmie369,80091,1.69,2.1e-05,0.74,0.06,1e-06,30,38,8.0,10,42
816,798,0xEdgar,6455,1.69,0.000261,1.04,0.06,9e-06,30,37,7.0,22,44
817,798,UltraXBT,4017,1.69,0.00042,3.72,0.06,1.4e-05,30,118,88.0,80,192
818,798,6ix420,528,1.69,0.003196,0.95,0.06,0.000107,30,40,10.0,26,50
819,798,ebkwockiana,88874,1.69,1.9e-05,2.2,0.06,1e-06,30,52,22.0,31,66
820,798,0xvopa,3922,1.69,0.00043,5.25,0.06,1.4e-05,30,104,74.0,72,178
821,798,0xBasedBoy,20322,1.69,8.3e-05,1.79,0.06,3e-06,30,45,15.0,29,60
822,798,degentradingLSD,151625,1.69,1.1e-05,11.97,0.06,0.0,30,94,64.0,47,126
823,798,igorlenterman,5047,1.69,0.000334,10.33,0.06,1.1e-05,30,142,112.0,109,254
824,798,lingranli,151898,1.69,1.1e-05,2.04,0.06,0.0,30,59,29.0,36,78
825,798,godofthundereth,2743,1.69,0.000615,5.61,0.06,2.1e-05,30,61,31.0,44,92
826,798,HoneyChadette,2299,1.69,0.000734,0.97,0.06,2.4e-05,30,38,8.0,22,46
827,798,notbunjil,14653,1.69,0.000115,25.75,0.06,4e-06,30,176,146.0,70,306
828,798,Cryptogether_,4367,1.69,0.000386,1.65,0.06,1.3e-05,30,46,16.0,37,62
829,798,jonkodoteth,6532,1.69,0.000258,2.9,0.06,9e-06,30,64,34.0,47,98
830,798,racerinu,16512,1.69,0.000102,6.64,0.06,3e-06,30,116,86.0,68,187
832,798,bqbrady,9884,1.69,0.000171,0.71,0.06,6e-06,30,34,4.0,14,38
834,835,pacman_defence,48119,1.58,3.3e-05,0.62,0.05,1e-06,30,35,5.0,21,34
835,835,TyrogueD,3418,1.58,0.000461,0.95,0.05,1.5e-05,30,37,7.0,19,42
836,835,zolandinho,1597,1.58,0.000987,1.99,0.05,3.3e-05,30,51,21.0,28,66
837,835,fidelitas_lex,6559,1.58,0.00024,4.45,0.05,8e-06,30,82,52.0,51,102
838,835,DataB4Dishonor,10135,1.58,0.000156,1.18,0.05,5e-06,30,47,17.0,26,57
839,835,Legendary_NFT,1112,1.58,0.001418,2.81,0.05,4.7e-05,30,69,39.0,47,104
840,835,WestieCapital,23643,1.58,6.7e-05,2.51,0.05,2e-06,30,68,38.0,48,95
841,835,CaramelCoffee8,120316,1.58,1.3e-05,1.23,0.05,0.0,30,47,17.0,28,57
842,835,_Valopa,1914,1.58,0.000824,1.91,0.05,2.7e-05,30,76,46.0,60,122
843,835,Y33tDavidson,139602,1.58,1.1e-05,1.56,0.05,0.0,30,49,19.0,46,68
844,835,0x_Lucas,24320,1.58,6.5e-05,1.42,0.05,2e-06,30,59,29.0,32,60
845,835,NotSuitman,6855,1.58,0.00023,2.52,0.05,8e-06,30,56,26.0,36,74
846,835,KirbyLarp,4186,1.58,0.000377,4.05,0.05,1.3e-05,30,88,58.0,72,146
847,835,Barthazian,4597,1.58,0.000343,3.86,0.05,1.1e-05,30,87,57.0,71,144
848,835,dmihal,8106,1.58,0.000195,1.69,0.05,6e-06,30,59,29.0,35,66
849,835,libevm,2449,1.58,0.000644,2.37,0.05,2.1e-05,30,75,45.0,55,113
850,835,0xkinnif,262661,1.58,6e-06,2.3,0.05,0.0,30,66,36.0,30,93
851,835,cryptodan19,200283,1.58,8e-06,8.44,0.05,0.0,30,94,64.0,66,158
852,835,0xMert_,9637,1.58,0.000164,7.0,0.05,5e-06,30,86,56.0,58,118
854,855,petraincognita,70080,1.52,2.2e-05,1.29,0.05,1e-06,29,37,8.0,14,45
855,855,ExaltedFoks,10820,1.52,0.000141,3.86,0.05,5e-06,29,65,36.0,48,96
856,855,S4mmyEth,28916,1.52,5.3e-05,2.71,0.05,2e-06,29,73,44.0,50,111
857,855,0xFinish,77512,1.52,2e-05,1.86,0.05,1e-06,29,67,38.0,46,105
858,855,evabeylin,33079,1.52,4.6e-05,2.09,0.05,2e-06,29,71,42.0,46,101
859,855,penguin_curator,4096,1.52,0.000372,3.25,0.05,1.3e-05,29,76,47.0,53,101
860,855,0xHustlepedia,2130,1.52,0.000716,3.76,0.05,2.5e-05,29,68,39.0,40,69
861,855,surfcoderepeat,126981,1.52,1.2e-05,1.56,0.05,0.0,29,61,32.0,43,93
862,855,RikOostenbroek,2546,1.52,0.000599,6.44,0.05,2.1e-05,29,84,55.0,40,77
863,855,schizoxbt,17684,1.52,8.6e-05,3.51,0.05,3e-06,29,63,34.0,48,89
865,855,Galxe,7341,1.52,0.000208,15.46,0.05,7e-06,29,103,74.0,48,124
866,855,0xDaes,38044,1.52,4e-05,1.16,0.05,1e-06,29,38,9.0,30,47
867,855,cryptoendgamer,2058,1.52,0.000741,1.0,0.05,2.6e-05,29,38,9.0,24,41
869,855,nftsandkids,23514,1.52,6.5e-05,1.94,0.05,2e-06,29,56,27.0,33,66
870,855,DastardlyDaniel,155734,1.52,1e-05,2.44,0.05,0.0,29,56,27.0,27,69
871,855,_GvAll,118415,1.52,1.3e-05,2.05,0.05,0.0,29,50,21.0,44,71
872,855,EthereumTrump,1199,1.52,0.001271,3.27,0.05,4.4e-05,29,58,29.0,29,80
873,855,Artifaction2,11025,1.52,0.000138,6.89,0.05,5e-06,29,79,50.0,21,72
874,855,bitfloorsghost,50439,1.52,3e-05,1.08,0.05,1e-06,29,43,14.0,33,57
875,855,Prodigy__Sniper,31509,1.52,4.8e-05,1.93,0.05,2e-06,29,40,11.0,16,27
876,855,mattysino,43795,1.52,3.5e-05,6.4,0.05,1e-06,29,93,64.0,64,136
877,855,rektcryptofox,3772,1.52,0.000404,2.67,0.05,1.4e-05,29,61,32.0,38,82
878,855,erla221942,108412,1.52,1.4e-05,2.88,0.05,0.0,29,84,55.0,74,139
880,855,0xAnteater,5679,1.52,0.000268,1.02,0.05,9e-06,29,37,8.0,15,35
881,855,CryptoPoseidonn,42,1.52,0.036293,8.7,0.05,0.001251,29,80,51.0,42,91
882,883,Mothalamp,3213,1.42,0.000443,1.24,0.05,1.6e-05,28,39,11.0,16,32
883,883,OuroborosCap8,17422,1.42,8.2e-05,6.49,0.05,3e-06,28,106,78.0,67,183
884,885,champtgram,18885,1.42,7.5e-05,21.05,0.05,3e-06,29,125,96.0,53,126
885,885,sm0lx,111166,1.42,1.3e-05,1.62,0.05,0.0,29,59,30.0,45,89
886,885,CryptoAnglio,1627,1.42,0.000873,7.3,0.05,3e-05,29,105,76.0,68,157
887,885,Crypto_WooPig,69998,1.42,2e-05,4.86,0.05,1e-06,29,67,38.0,48,101
888,885,CryptoGemCheds,2784,1.42,0.00051,0.8,0.05,1.8e-05,29,33,4.0,17,37
889,885,Deviled_meggs_,2925,1.42,0.000486,3.05,0.05,1.7e-05,29,57,28.0,35,77
890,885,trdrtur,615,1.42,0.002311,1.83,0.05,8e-05,29,48,19.0,30,67
891,885,kirbyongeo,19446,1.42,7.3e-05,2.73,0.05,3e-06,29,63,34.0,36,97
892,885,YanLiberman,42394,1.42,3.4e-05,7.46,0.05,1e-06,29,88,59.0,50,102
895,885,ChartFuMonkey,7920,1.42,0.000179,5.57,0.05,6e-06,29,113,84.0,77,174
896,885,k2_nft,37821,1.42,3.8e-05,2.43,0.05,1e-06,29,69,40.0,38,107
897,885,Jampzer,878,1.42,0.001618,8.01,0.05,5.6e-05,29,97,68.0,53,103
898,885,SmokeyHosoda,36640,1.42,3.9e-05,4.52,0.05,1e-06,29,95,66.0,76,156
899,885,RowanRK6,31129,1.42,4.6e-05,2.0,0.05,2e-06,29,63,34.0,42,93
900,885,0xAbel_eth,1614,1.42,0.00088,1.19,0.05,3e-05,29,37,8.0,26,44
901,885,WilsonCusack,16016,1.42,8.9e-05,1.68,0.05,3e-06,29,60,31.0,45,91
902,885,pikachu_crypto,2027,1.42,0.000701,4.28,0.05,2.4e-05,29,73,44.0,52,116
903,904,swansonbenson0,7505,1.37,0.000183,2.54,0.05,7e-06,28,55,27.0,37,76
904,904,NFT_Doctor33,530,1.37,0.002589,5.5,0.05,9.2e-05,28,76,48.0,49,108
905,904,OL20225358,18392,1.37,7.5e-05,5.41,0.05,3e-06,28,76,48.0,41,79
906,904,kez4twez,851,1.37,0.001612,2.75,0.05,5.8e-05,28,70,42.0,48,103
907,904,William11Chan,39702,1.37,3.5e-05,2.31,0.05,1e-06,28,81,53.0,54,131
908,904,Stillm4n,752,1.37,0.001824,3.98,0.05,6.5e-05,28,63,35.0,37,80
909,904,satributes,40419,1.37,3.4e-05,1.21,0.05,1e-06,28,51,23.0,28,62
910,904,0x_charlemagne,7192,1.37,0.000191,2.19,0.05,7e-06,28,73,45.0,55,109
911,904,MoonGotchi,77762,1.37,1.8e-05,0.96,0.05,1e-06,28,47,19.0,37,66
912,904,SankoGameCorp,43860,1.37,3.1e-05,20.43,0.05,1e-06,28,165,137.0,101,272
913,904,NicCageWaluElmo,76480,1.37,1.8e-05,1.91,0.05,1e-06,28,48,20.0,16,62
914,904,TikTokInvestors,576,1.37,0.002382,14.17,0.05,8.5e-05,28,109,81.0,68,165
915,904,revolut20,15220,1.37,9e-05,8.96,0.05,3e-06,28,98,70.0,57,108
916,904,Ars0nic,2550,1.37,0.000538,1.56,0.05,1.9e-05,28,46,18.0,26,57
917,904,GinoTheGhost,124864,1.37,1.1e-05,2.27,0.05,0.0,28,62,34.0,46,92
918,904,Degentraland,3498,1.37,0.000392,12.48,0.05,1.4e-05,28,95,67.0,38,94
919,904,rugsharkd,6912,1.37,0.000198,3.73,0.05,7e-06,28,98,70.0,70,157
920,904,Yodaskk,48805,1.37,2.8e-05,2.18,0.05,1e-06,28,60,32.0,38,88
921,904,defiprincess_,3194,1.37,0.00043,4.82,0.05,1.5e-05,28,79,51.0,43,89
922,904,quant_arb,45483,1.37,3e-05,5.31,0.05,1e-06,28,65,37.0,25,64
923,904,cryptopainzy,3183,1.37,0.000431,1.06,0.05,1.5e-05,28,34,6.0,12,21
924,904,flippen6485,62426,1.37,2.2e-05,3.3,0.05,1e-06,28,63,35.0,51,98
925,904,Abrahamchase09,816,1.37,0.001681,3.64,0.05,6e-05,28,84,56.0,62,118
926,904,d1pp3r__,179959,1.37,8e-06,2.78,0.05,0.0,28,60,32.0,43,89
928,904,EffortCapital,5085,1.37,0.00027,1.89,0.05,1e-05,28,65,37.0,48,92
929,904,nftmisha,0,1.37,0.0,6.09,0.05,0.0,28,100,72.0,65,147
930,904,meleern,0,1.37,0.0,5.86,0.05,0.0,28,76,48.0,54,116
931,904,officer_cia,0,1.37,0.0,7.4,0.05,0.0,28,75,47.0,41,68
932,904,Arch_Crypt0,0,1.37,0.0,1.63,0.05,0.0,28,55,27.0,32,77
933,904,WuBlockchain,0,1.37,0.0,12.82,0.05,0.0,28,124,96.0,83,177
934,935,wgm_v,0,1.28,0.0,1.32,0.05,0.0,28,55,27.0,47,82
935,935,CoingraphNews,0,1.28,0.0,3.19,0.05,0.0,28,49,21.0,13,46
936,935,fluffypony,0,1.28,0.0,3.89,0.05,0.0,28,69,41.0,31,81
937,935,BOKJISA_Crypto,0,1.28,0.0,0.91,0.05,0.0,28,41,13.0,29,54
938,935,Gold_Cryptoz,0,1.28,0.0,8.54,0.05,0.0,28,79,51.0,50,115
939,935,earlyishadopter,0,1.28,0.0,7.78,0.05,0.0,28,128,100.0,90,217
940,935,ajt,0,1.28,0.0,3.42,0.05,0.0,28,69,41.0,41,83
941,935,CryptoParadyme,0,1.28,0.0,11.37,0.05,0.0,28,94,66.0,59,136
942,935,0xTG3,0,1.28,0.0,1.32,0.05,0.0,28,50,22.0,34,70
943,935,SatoshiOwl,0,1.28,0.0,8.69,0.05,0.0,28,106,78.0,64,125
944,935,delitzer,0,1.28,0.0,3.29,0.05,0.0,28,74,46.0,43,120
945,935,knveth,0,1.28,0.0,1.56,0.05,0.0,28,59,31.0,54,90
946,935,FriendTechInfo,0,1.28,0.0,0.76,0.05,0.0,28,33,5.0,12,38
947,935,lemondontfloss,0,1.28,0.0,2.1,0.05,0.0,28,55,27.0,40,73
948,935,rizzotoo,0,1.28,0.0,1.69,0.05,0.0,28,59,31.0,32,53
949,935,Edward__Park,0,1.28,0.0,3.59,0.05,0.0,28,76,48.0,62,124
950,935,Atitty_,0,1.28,0.0,4.75,0.05,0.0,28,79,51.0,36,94
951,935,icygobrrr,0,1.28,0.0,0.87,0.05,0.0,28,42,14.0,40,56
952,935,nateliason,0,1.28,0.0,8.33,0.05,0.0,28,89,61.0,34,67
953,935,DEXLaboratory4,0,1.28,0.0,1.01,0.05,0.0,28,51,23.0,34,68
954,935,0xpotato3,0,1.28,0.0,1.6,0.05,0.0,28,60,32.0,47,90
955,935,Stacco__,0,1.28,0.0,1.01,0.05,0.0,28,39,11.0,24,41
956,935,ppmctweets,0,1.28,0.0,3.17,0.05,0.0,28,70,42.0,57,112
958,935,Dogetoshi,0,1.28,0.0,8.61,0.05,0.0,28,152,124.0,103,266
959,960,andreasrtobing_,0,1.23,0.0,0.79,0.05,0.0,27,35,8.0,29,43
961,960,0xAtomist,0,1.23,0.0,1.08,0.05,0.0,27,41,14.0,25,47
962,960,zepump,0,1.23,0.0,0.68,0.05,0.0,27,33,6.0,16,39
963,960,oesnetwork,0,1.23,0.0,2.88,0.05,0.0,27,65,38.0,34,80
964,960,randallrungood,0,1.23,0.0,2.83,0.05,0.0,27,54,27.0,37,79
965,960,mattomattik,0,1.23,0.0,4.75,0.05,0.0,27,83,56.0,57,136
966,960,DeFi_Made_Here,0,1.23,0.0,5.16,0.05,0.0,27,85,58.0,61,117
967,960,mikeykremer,0,1.23,0.0,1.04,0.05,0.0,27,52,25.0,31,68
968,960,merts_eth,0,1.23,0.0,1.04,0.05,0.0,27,52,25.0,38,67
969,960,javajrr,0,1.23,0.0,1.77,0.05,0.0,27,58,31.0,43,89
970,960,0xbags,0,1.23,0.0,1.24,0.05,0.0,27,62,35.0,43,77
971,960,zharkov_crypto,0,1.23,0.0,1.36,0.05,0.0,27,42,15.0,27,52
972,960,CryptoEthan,0,1.23,0.0,5.01,0.05,0.0,27,93,66.0,70,159
974,960,LINTZURA,0,1.23,0.0,1.12,0.05,0.0,27,39,12.0,20,51
975,960,mememe69696969,0,1.23,0.0,6.1,0.05,0.0,27,116,89.0,75,200
977,960,TraderTR1,0,1.23,0.0,2.41,0.05,0.0,27,47,20.0,39,67
978,960,jbrukh,0,1.23,0.0,1.89,0.05,0.0,27,55,28.0,31,55
979,960,fiveoutofnine,0,1.23,0.0,0.96,0.05,0.0,27,43,16.0,24,47
980,960,damskotrades,0,1.23,0.0,3.09,0.05,0.0,27,87,60.0,54,147
981,960,karl_0x,0,1.23,0.0,8.44,0.05,0.0,27,105,78.0,66,182
982,960,CryptoHarry_,0,1.23,0.0,3.09,0.05,0.0,27,56,29.0,34,58
983,960,ZTol008,0,1.23,0.0,0.52,0.05,0.0,27,31,4.0,8,35
985,960,KinkyBedBugs,0,1.23,0.0,3.95,0.05,0.0,27,76,49.0,30,84
986,960,washieth,0,1.23,0.0,1.5,0.05,0.0,27,53,26.0,40,79
987,960,orangie,0,1.23,0.0,13.48,0.05,0.0,27,95,68.0,33,84
988,960,definalist,0,1.23,0.0,3.1,0.05,0.0,27,66,39.0,39,96
989,960,yellowbrah69,0,1.23,0.0,1.66,0.05,0.0,27,46,19.0,32,59
990,960,blader,0,1.23,0.0,3.02,0.05,0.0,27,87,60.0,71,146
991,960,tumilett,0,1.23,0.0,3.15,0.05,0.0,27,54,27.0,39,77
992,960,GotrillaGorilla,0,1.23,0.0,4.56,0.05,0.0,27,72,45.0,53,102
993,960,const_phoenixed,0,1.23,0.0,3.29,0.05,0.0,27,58,31.0,33,76
994,960,corleonescrypto,0,1.23,0.0,8.51,0.05,0.0,27,85,58.0,38,109
995,960,Base_Intern,0,1.23,0.0,1.61,0.05,0.0,27,46,19.0,30,57
996,960,eth_apple,0,1.23,0.0,4.72,0.05,0.0,27,78,51.0,35,83
997,998,FlossyP911,0,1.23,0.0,2.33,0.04,0.0,28,63,35.0,48,93
998,999,inhalingsummer,0,1.14,0.0,1.03,0.04,0.0,27,37,10.0,18,47
